date,close,nh,nl,nhl,cnhl,cnhl_ma20,hl_ratio,hl_ratio_ma10,ratio_cross_50,ratio_cross_30
2024-06-26,2972.53,44,74,-30,-30,,0.3728813559322034,,False,False
2024-06-27,2945.85,36,564,-528,-558,,0.06,,False,False
2024-06-28,2967.4,85,496,-411,-969,,0.14629948364888123,0.19306027986036156,False,False
2024-07-01,2994.73,97,250,-153,-1122,,0.27953890489913547,0.21467993612005504,False,False
2024-07-02,2997.01,78,401,-323,-1445,-824.8,0.162839248434238,0.20431179858289164,False,False
2024-07-03,2982.38,43,542,-499,-1944,-1011.3333333333334,0.0735042735042735,0.18251054440312195,False,False
2024-07-04,2957.57,28,1474,-1446,-3390,-1351.142857142857,0.018641810918774968,0.15910072533392952,False,False
2024-07-05,2949.93,39,337,-298,-3688,-1643.25,0.10372340425531915,0.15217856019910322,False,False
2024-07-08,2922.45,47,2082,-2035,-5723,-2096.5555555555557,0.02207609206200094,0.13772273040609184,False,False
2024-07-09,2959.37,123,490,-367,-6090,-2495.9,0.200652528548124,0.14401571022029508,False,False
2024-07-10,2939.36,68,1032,-964,-7054,-2910.2727272727275,0.06181818181818182,0.11290939280889292,False,False
2024-07-11,2970.39,119,61,58,-6996,-3250.75,0.6611111111111111,0.17302050392000404,False,False
2024-07-12,2971.3,77,123,-46,-7042,-3542.3846153846152,0.385,0.19689055555511586,False,False
2024-07-15,2974.01,65,420,-355,-7397,-3817.714285714286,0.13402061855670103,0.18233872692087244,False,False
2024-07-16,2976.3,104,475,-371,-7768,-4081.0666666666666,0.17962003454231434,0.18401680553168007,False,False
2024-07-17,2962.85,46,855,-809,-8577,-4362.0625,0.051054384017758046,0.18177181658302852,False,False
2024-07-18,2977.13,66,831,-765,-9342,-4655.0,0.07357859531772576,0.1872654950229236,False,False
2024-07-19,2982.31,68,336,-268,-9610,-4930.277777777777,0.16831683168316833,0.19372483776570854,False,False
2024-07-22,2964.22,58,355,-297,-9907,-5192.210526315789,0.14043583535108958,0.20556081209461738,False,False
2024-07-23,2915.37,37,1353,-1316,-11223,-5493.75,0.026618705035971222,0.18815742974340213,False,False
2024-07-24,2901.95,47,2166,-2119,-13342,-6159.35,0.021238138273836422,0.18409942538896756,False,False
2024-07-25,2886.74,44,738,-694,-14036,-6833.25,0.056265984654731455,0.12361491274332963,False,False
2024-07-26,2890.9,44,93,-49,-14085,-7489.05,0.32116788321167883,0.1172317010644975,False,False
2024-07-29,2891.85,69,370,-301,-14386,-8152.25,0.1571753986332574,0.11954717907215313,False,False
2024-07-30,2879.3,66,305,-239,-14625,-8811.25,0.1778975741239892,0.11937493303032061,False,False
2024-07-31,2938.75,90,9,81,-14544,-9441.25,0.9090909090909091,0.2051785855376357,False,False
2024-08-01,2932.39,107,36,71,-14473,-9995.4,0.7482517482517482,0.27264590083103796,False,False
2024-08-02,2905.34,64,106,-42,-14515,-10536.75,0.3764705882352941,0.29346127648625053,False,False
2024-08-05,2860.7,38,615,-577,-15092,-11005.2,0.05819295558958652,0.2852369885101002,False,False
2024-08-06,2867.28,63,68,-5,-15097,-11455.55,0.48091603053435117,0.3306667210599382,False,True
2024-08-07,2869.83,55,98,-43,-15140,-11859.85,0.35947712418300654,0.3644906196508553,False,False
2024-08-08,2869.9,55,182,-127,-15267,-12273.4,0.2320675105485232,0.38207077224023445,False,False
2024-08-09,2862.19,39,283,-244,-15511,-12696.85,0.12111801242236025,0.36206578516130256,False,False
2024-08-12,2858.2,41,504,-463,-15974,-13125.7,0.07522935779816514,0.35387118107779336,False,False
2024-08-13,2867.95,45,136,-91,-16065,-13540.55,0.24861878453038674,0.36094330211843306,False,False
2024-08-14,2850.65,52,446,-394,-16459,-13934.65,0.10441767068273092,0.2804759782776153,False,False
2024-08-15,2877.36,70,149,-79,-16538,-14294.45,0.319634703196347,0.23761427377207517,False,False
2024-08-16,2879.43,103,442,-339,-16877,-14657.8,0.1889908256880734,0.21886629751735312,False,False
2024-08-19,2893.67,91,525,-434,-17311,-15028.0,0.14772727272727273,0.2278197292311217,False,False
2024-08-20,2866.66,49,1203,-1154,-18465,-15390.1,0.03913738019169329,0.18364186419685594,False,False
2024-08-21,2856.58,47,953,-906,-19371,-15691.55,0.047,0.15239415177855525,False,False
2024-08-22,2848.77,47,1700,-1653,-21024,-16040.95,0.026903262736119062,0.13187772699731487,False,False
2024-08-23,2854.37,63,1435,-1372,-22396,-16456.5,0.04205607476635514,0.12397153323171435,False,False
2024-08-26,2855.52,78,384,-306,-22702,-16872.3,0.16883116883116883,0.13333171433501473,False,False
2024-08-27,2848.73,64,1284,-1220,-23922,-17337.15,0.04747774480712166,0.11321761036268821,False,False
2024-08-28,2837.43,52,570,-518,-24440,-17831.95,0.08360128617363344,0.11113597191177846,False,False
2024-08-29,2823.11,85,174,-89,-24529,-18334.75,0.3281853281853282,0.11199103441067657,False,False
2024-08-30,2842.21,138,47,91,-24438,-18830.9,0.745945945945946,0.16768654643646383,False,False
2024-09-02,2811.04,121,460,-339,-24777,-19315.15,0.2082616179001721,0.1737399809537538,False,False
2024-09-03,2802.98,162,205,-43,-24820,-19801.3,0.44141689373297005,0.21396793230788144,False,False
2024-09-04,2784.28,92,436,-344,-25164,-20302.5,0.17424242424242425,0.22669217473212386,False,False
2024-09-05,2788.31,135,137,-2,-25166,-20797.45,0.4963235294117647,0.27363420139968847,False,False
2024-09-06,2765.81,76,792,-716,-25882,-21316.0,0.08755760368663594,0.2781843542917165,False,False
2024-09-09,2736.49,68,835,-767,-26649,-21849.75,0.0753045404208195,0.2688316914506816,False,False
2024-09-10,2744.19,92,449,-357,-27006,-22396.8,0.17005545286506468,0.2810894622564759,False,False
2024-09-11,2721.8,106,660,-554,-27560,-22951.85,0.13838120104438642,0.2865674537435512,False,False
2024-09-12,2717.12,97,700,-603,-28163,-23533.1,0.12170639899623588,0.26591956082464197,False,False
2024-09-13,2704.09,86,1420,-1334,-29497,-24164.1,0.057104913678618856,0.19703545759790925,False,False
2024-09-18,2717.28,94,1544,-1450,-30947,-24845.9,0.057387057387057384,0.18194800154659777,False,False
2024-09-19,2736.02,173,70,103,-30844,-25464.85,0.7119341563786008,0.20899972781116088,False,False
2024-09-20,2736.81,170,342,-172,-31016,-26047.1,0.33203125,0.2247786103869184,False,False
2024-09-23,2748.92,175,357,-182,-31198,-26555.8,0.32894736842105265,0.20804099428784723,False,False
2024-09-24,2863.13,438,3,435,-30763,-26974.15,0.9931972789115646,0.2986049618103401,False,False
2024-09-25,2896.31,570,4,566,-30197,-27348.9,0.9930313588850174,0.39037764365675987,False,True
2024-09-26,3000.95,1284,2,1282,-28915,-27598.55,0.9984447900466563,0.473216577374919,False,False
2024-09-27,3087.53,2268,1,2267,-26648,-27708.95,0.999559277214632,0.5593343849919437,True,False
2024-09-30,3336.5,4061,0,4061,-22587,-27611.85,1.0,0.64716374509232,False,False
2024-10-08,3489.78,4449,1,4448,-18139,-27296.9,0.9997752808988764,0.7414307818143457,False,False
2024-10-09,3258.86,255,6,249,-17890,-26952.55,0.9770114942528736,0.8333932255009273,False,False
2024-10-10,3301.93,121,6,115,-17775,-26600.3,0.952755905511811,0.8574754004142484,False,False
2024-10-11,3217.74,60,2,58,-17717,-26227.95,0.967741935483871,0.9210464689626356,False,False
2024-10-14,3284.32,171,1,170,-17547,-25847.0,0.9941860465116279,0.987570336771693,False,False
2024-10-15,3201.29,136,1,135,-17412,-25423.5,0.9927007299270073,0.9875206818732373,False,False
2024-10-16,3202.95,173,1,172,-17240,-24953.05,0.9942528735632183,0.9876428333410573,False,False
2024-10-17,3169.38,148,3,145,-17095,-24457.5,0.9801324503311258,0.9858115993695045,False,False
2024-10-18,3261.56,291,0,291,-16804,-23919.7,1.0,0.9858556716480411,False,False
2024-10-21,3268.11,460,6,454,-16350,-23329.05,0.9871244635193133,0.9845681179999725,False,False
2024-10-22,3285.87,371,0,371,-15979,-22653.15,1.0,0.9845905899100849,False,False
2024-10-23,3302.8,386,1,385,-15594,-21885.5,0.9974160206718347,0.986631042551981,False,False
2024-10-24,3280.26,304,1,303,-15291,-21107.85,0.9967213114754099,0.9910275831483408,False,False
2024-10-25,3299.7,548,5,543,-14748,-20294.45,0.9909584086799277,0.9933492304679465,False,False
2024-10-28,3322.2,972,3,969,-13779,-19423.5,0.9969230769230769,0.9936229335090914,False,False
2024-10-29,3286.41,417,5,412,-13367,-18553.7,0.9881516587677726,0.9931680263931678,False,False
2024-10-30,3266.24,507,6,501,-12866,-17687.15,0.9883040935672515,0.9925731483935714,False,False
2024-10-31,3279.82,711,11,700,-12166,-16849.7,0.9847645429362881,0.9930363576540875,False,False
2024-11-01,3272.01,275,5,270,-11896,-16112.1,0.9821428571428571,0.9912506433683731,False,False
2024-11-04,3310.21,384,4,380,-11516,-15558.55,0.9896907216494846,0.9915072691813902,False,False
2024-11-05,3386.99,816,0,816,-10700,-15186.6,1.0,0.9915072691813902,False,False
2024-11-06,3383.81,824,5,819,-9881,-14786.15,0.9939686369119421,0.991162530805401,False,False
2024-11-07,3470.66,1261,0,1261,-8620,-14328.4,1.0,0.99149039965786,False,False
2024-11-08,3452.3,768,0,768,-7852,-13835.15,1.0,0.9923945587898674,False,False
2024-11-11,3470.07,1351,2,1349,-6503,-13282.95,0.9985218033998522,0.9925544314375447,False,False
2024-11-12,3421.97,515,6,509,-5994,-12712.05,0.9884836852207294,0.9925876340828406,False,False
2024-11-13,3439.28,498,0,498,-5496,-12124.85,1.0,0.9937572247261153,False,False
2024-11-14,3379.84,163,1,162,-5334,-11536.8,0.9939024390243902,0.9946710143349256,False,False
2024-11-15,3330.73,171,4,167,-5167,-10954.95,0.9771428571428571,0.9941710143349256,False,False
2024-11-18,3323.85,133,3,130,-5037,-10389.3,0.9779411764705882,0.9929960598170359,False,False
2024-11-19,3346.01,156,3,153,-4884,-9834.55,0.9811320754716981,0.9911092673642058,False,False
2024-11-20,3367.99,348,0,348,-4536,-9281.65,1.0,0.9917124036730115,False,False
2024-11-21,3370.4,349,1,348,-4188,-8726.5,0.9971428571428571,0.9914266893872972,False,False
2024-11-22,3267.19,163,21,142,-4046,-8191.4,0.8858695652173914,0.9800136459090364,False,False
2024-11-25,3263.76,271,19,252,-3794,-7692.15,0.9344827586206896,0.9736097414311201,False,False
2024-11-26,3259.76,176,18,158,-3636,-7205.6,0.9072164948453608,0.9654830223935832,False,False
2024-11-27,3309.78,258,3,255,-3381,-6731.35,0.9885057471264368,0.9643335971062269,False,False
2024-11-28,3295.7,318,10,308,-3073,-6276.7,0.9695121951219512,0.9618945727159829,False,False
2024-11-29,3326.46,385,4,381,-2692,-5816.5,0.9897172236503856,0.9631520093667358,False,False
2024-12-02,3363.98,666,1,665,-2027,-5342.05,0.9985007496251874,0.9652079666821958,False,False
2024-12-03,3378.81,515,0,515,-1512,-4882.65,1.0,0.967094759135026,False,False
2024-12-04,3364.65,238,1,237,-1275,-4452.35,0.99581589958159,0.9666763490931849,False,False
2024-12-05,3368.86,415,3,412,-863,-4064.5,0.992822966507177,0.966244360029617,False,False
2024-12-06,3404.08,537,1,536,-327,-3688.25,0.9981412639405205,0.9774715299019299,False,False
2024-12-09,3402.53,478,0,478,151,-3355.55,1.0,0.984023254039861,False,False
2024-12-10,3422.66,452,0,452,603,-3025.7,1.0,0.9933016045553249,False,False
2024-12-11,3432.49,794,1,793,1396,-2681.1,0.9987421383647799,0.9943252436791591,False,False
2024-12-12,3461.5,896,0,896,2292,-2299.8,1.0,0.997374024166964,False,False
2024-12-13,3391.88,349,5,344,2636,-1909.65,0.9858757062146892,0.9969898724233944,False,False
2024-12-16,3386.33,372,12,360,2996,-1508.0,0.96875,0.9940147974608757,False,False
2024-12-17,3361.48,90,15,75,3071,-1110.25,0.8571428571428571,0.9797290831751614,False,False
2024-12-18,3382.21,160,11,149,3220,-722.45,0.935672514619883,0.9737147446789907,False,False
2024-12-19,3370.03,142,20,122,3342,-345.95,0.8765432098765432,0.9620867690159274,False,False
2024-12-20,3368.07,189,25,164,3506,31.65,0.883177570093458,0.9505903996312209,False,False
2024-12-23,3351.26,88,58,30,3536,398.15,0.6027397260273972,0.9108643722339608,False,False
2024-12-24,3393.53,149,21,128,3664,763.15,0.8764705882352941,0.8985114310574902,False,False
2024-12-25,3393.35,95,105,-10,3654,1114.9,0.475,0.8461372172210122,False,False
2024-12-26,3398.08,178,94,84,3738,1455.45,0.6544117647058824,0.8115783936916005,False,False
2024-12-27,3400.14,108,64,44,3782,1779.15,0.627906976744186,0.7757815207445502,False,False
2024-12-30,3407.33,148,219,-71,3711,2066.05,0.4032697547683924,0.7192334962213893,False,False
2024-12-31,3351.76,72,734,-662,3049,2294.1,0.08933002481389578,0.6424522129884932,False,False
2025-01-02,3262.56,57,1193,-1136,1913,2453.5,0.0456,0.5534449615265049,False,False
2025-01-03,3211.43,43,1803,-1760,153,2504.3,0.023293607800650054,0.4681200013189156,False,False
2025-01-06,3206.92,57,1214,-1157,-1004,2470.45,0.044846577498033044,0.3842869020593731,False,False
2025-01-07,3229.64,89,223,-134,-1138,2406.0,0.28525641025641024,0.3525385704822744,False,False
2025-01-08,3230.17,86,564,-478,-1616,2295.05,0.13230769230769232,0.2781222808895142,False,False
2025-01-09,3211.39,63,612,-549,-2165,2117.0,0.09333333333333334,0.23995561422284753,False,False
2025-01-10,3168.52,32,1955,-1923,-4088,1798.0,0.01610468042274786,0.1761249057945341,False,False
2025-01-13,3160.76,28,697,-669,-4757,1428.35,0.038620689655172416,0.11719627708563274,False,False
2025-01-14,3240.94,110,5,105,-4652,1045.95,0.9565217391304348,0.172521475521837,False,False
2025-01-15,3227.12,79,37,42,-4610,661.9,0.6810344827586207,0.23169192131630947,False,False
2025-01-16,3236.03,85,30,55,-4555,273.15,0.7391304347826086,0.3010449647945704,False,True
2025-01-17,3241.82,99,31,68,-4487,-118.3,0.7615384615384615,0.3748694501683515,False,False
2025-01-20,3244.38,109,41,68,-4419,-514.55,0.7266666666666667,0.4430514590852148,False,False
2025-01-21,3242.62,155,114,41,-4378,-910.25,0.5762081784386617,0.47214663590343997,False,False
2025-01-22,3213.62,101,267,-166,-4544,-1320.65,0.27445652173913043,0.4863615188465838,False,False
2025-01-23,3230.16,66,225,-159,-4703,-1738.5,0.2268041237113402,0.49970859788438443,False,False
2025-01-24,3252.63,111,148,-37,-4740,-2162.4,0.42857142857142855,0.5409552726992526,True,False
2025-01-27,3250.6,72,264,-192,-4932,-2598.1,0.21428571428571427,0.5585217751623068,False,False
2025-02-05,3229.49,78,138,-60,-4992,-3033.25,0.3611111111111111,0.4989807123603744,False,False
2025-02-06,3270.66,192,32,160,-4832,-3427.3,0.8571428571428571,0.516591549798798,True,False
2025-02-07,3303.67,162,10,152,-4680,-3756.95,0.9418604651162791,0.536864552832165,False,False
2025-02-10,3322.17,214,11,203,-4477,-3988.45,0.9511111111111111,0.5558218177894301,False,False
2025-02-11,3318.06,174,36,138,-4339,-4155.2,0.8285714285714286,0.5660122939799063,False,False
2025-02-12,3346.39,268,23,245,-4094,-4303.0,0.9209621993127147,0.6004876960673114,False,False
2025-02-13,3332.48,121,35,86,-4008,-4422.6,0.7756410256410257,0.650606146457501,False,False
2025-02-14,3346.72,220,39,181,-3827,-4505.7,0.8494208494208494,0.712867819028452,False,False
2025-02-17,3355.83,264,55,209,-3618,-4482.2,0.8275862068965517,0.7527692968609643,False,False
2025-02-18,3324.49,133,128,5,-3613,-4425.0,0.5095785440613027,0.7822985798385231,False,False
2025-02-19,3351.54,326,67,259,-3354,-4360.1,0.8295165394402035,0.8291391226714323,False,False
2025-02-20,3350.78,332,81,251,-3103,-4284.75,0.8038740920096852,0.8238122461581152,False,False
2025-02-21,3379.11,473,103,370,-2733,-4193.65,0.8211805555555556,0.8117442552020429,False,False
2025-02-24,3373.03,364,74,290,-2443,-4091.45,0.8310502283105022,0.799738166921982,False,False
2025-02-25,3346.04,271,180,91,-2352,-3988.1,0.6008869179600886,0.776969715860848,False,False
2025-02-26,3380.21,438,36,402,-1950,-3866.7,0.9240506329113924,0.7772785592207156,False,False
2025-02-27,3388.06,315,39,276,-1674,-3723.2,0.8898305084745762,0.7886975075040707,False,False
2025-02-28,3320.9,92,148,-56,-1730,-3574.55,0.38333333333333336,0.7420887558953192,False,False
2025-03-03,3316.93,140,94,46,-1684,-3421.75,0.5982905982905983,0.7191591950347238,False,False
2025-03-04,3324.21,182,85,97,-1587,-3254.5,0.6816479400749064,0.7363661346360841,False,False
2025-03-05,3341.96,213,123,90,-1497,-3079.75,0.6339285714285714,0.7168073378349209,False,False
2025-03-06,3381.1,337,31,306,-1191,-2897.7,0.9157608695652174,0.7279960155904742,False,False
2025-03-07,3372.55,332,95,237,-954,-2711.4,0.7775175644028103,0.7236297164751997,False,False
2025-03-10,3366.16,314,51,263,-691,-2522.1,0.8602739726027397,0.7265520909044234,False,False
2025-03-11,3379.83,339,39,300,-391,-2324.7,0.8968253968253969,0.7561459387909542,False,False
2025-03-12,3371.92,304,34,270,-121,-2126.05,0.8994082840236687,0.7536817039021819,False,False
2025-03-13,3358.73,201,76,125,4,-1925.45,0.7256317689530686,0.7372618299500311,False,False
2025-03-14,3419.56,271,5,266,270,-1720.6,0.9818840579710145,0.7971169024137992,False,False
2025-03-17,3426.13,347,4,343,613,-1509.05,0.9886039886039886,0.8361482414451382,False,False
2025-03-18,3429.76,451,7,444,1057,-1275.55,0.9847161572052402,0.8664550631581717,False,False
2025-03-19,3426.43,361,17,344,1401,-1037.8,0.955026455026455,0.89856485151796,False,False
2025-03-20,3408.95,415,19,396,1797,-792.8,0.956221198156682,0.9026108843771065,False,False
2025-03-21,3364.83,236,66,170,1967,-557.8,0.7814569536423841,0.9030048233010639,False,False
2025-03-24,3370.03,210,131,79,2046,-333.35,0.6158357771260997,0.8785610037533997,False,False
2025-03-25,3369.98,216,103,113,2159,-107.8,0.677115987460815,0.8565900628169416,False,False
2025-03-26,3368.7,280,40,240,2399,109.65,0.875,0.8541492344145748,False,False
2025-03-27,3373.75,211,76,135,2534,320.05,0.735191637630662,0.8551052212823341,False,False
2025-03-28,3351.31,137,168,-31,2503,531.7,0.4491803278688525,0.801834848272118,False,False
2025-03-31,3335.75,120,311,-191,2312,731.5,0.27842227378190254,0.7308166767899092,False,False
2025-04-01,3348.44,231,99,132,2444,933.05,0.7,0.7023450610693853,False,False
2025-04-02,3350.13,204,87,117,2561,1135.95,0.7010309278350515,0.676945508350245,False,False
2025-04-03,3342.01,234,182,52,2613,1326.15,0.5625,0.6375733885345767,False,False
2025-04-07,3096.58,53,2637,-2584,29,1375.3,0.01970260223048327,0.5613979533933866,False,False
2025-04-08,3145.55,126,1239,-1113,-1084,1355.65,0.09230769230769231,0.509045144911546,False,False
2025-04-09,3186.81,144,252,-108,-1192,1315.6,0.36363636363636365,0.47769718252910076,False,False
2025-04-10,3223.64,166,6,160,-1032,1270.05,0.9651162790697675,0.4867088104360775,False,False
2025-04-11,3238.23,113,16,97,-935,1223.1,0.875968992248062,0.5007865458978176,True,False
2025-04-14,3262.81,173,3,170,-765,1171.35,0.9829545454545454,0.5541639676563868,False,False
2025-04-15,3267.66,156,10,146,-619,1109.75,0.9397590361445783,0.6202976438926544,False,False
2025-04-16,3276.0,136,65,71,-548,1029.5,0.6766169154228856,0.617959335434943,False,False
2025-04-17,3280.34,184,56,128,-420,938.45,0.7666666666666667,0.6245229093181045,False,False
2025-04-18,3276.73,107,49,58,-362,830.5,0.6858974358974359,0.636862652907848,False,False
2025-04-21,3291.43,161,27,134,-228,720.75,0.8563829787234043,0.7205306905571403,False,False
2025-04-22,3299.76,222,52,170,-58,615.55,0.8102189781021898,0.7923218191365899,False,False
2025-04-23,3296.36,118,32,86,28,509.0,0.7866666666666666,0.8346248494396203,False,False
2025-04-24,3297.29,168,94,74,102,394.15,0.6412213740458015,0.8022353589372238,False,False
2025-04-25,3295.06,147,79,68,170,275.95,0.6504424778761062,0.7796827075000281,False,False
2025-04-28,3288.41,125,222,-97,73,154.45,0.36023054755043227,0.7174103077096168,False,False
2025-04-29,3286.65,137,147,-10,63,42.0,0.4823943661971831,0.6716738407148772,False,False
2025-04-30,3279.03,121,122,-1,62,-77.1,0.49794238683127573,0.6538063878557162,False,False
2025-05-06,3316.11,230,35,195,257,-192.3,0.8679245283018868,0.6639321740192382,False,False
2025-05-07,3342.67,267,22,245,502,-297.85,0.9238754325259516,0.6877299736820899,False,False
2025-05-08,3352.0,276,18,258,760,-261.3,0.9387755102040817,0.6959692268301575,False,False
2025-05-09,3342.0,215,28,187,947,-159.75,0.8847736625514403,0.7034246952750826,False,False
2025-05-12,3369.24,253,15,238,1185,-40.9,0.9440298507462687,0.7191610136830427,False,False
2025-05-13,3374.87,215,21,194,1379,79.65,0.9110169491525424,0.7461405711937169,False,False
2025-05-14,3403.95,199,24,175,1554,204.1,0.8923766816143498,0.7703339915675412,False,False
2025-05-15,3380.82,189,35,154,1708,327.75,0.84375,0.8186859368124979,False,False
2025-05-16,3367.46,234,39,195,1903,453.85,0.8571428571428571,0.8561607859070655,False,False
2025-05-19,3367.58,364,23,341,2244,593.45,0.9405684754521964,0.9004233947691574,False,False
2025-05-20,3380.48,470,17,453,2697,749.3,0.9650924024640657,0.9101401821853754,False,False
2025-05-21,3387.57,296,32,264,2961,915.45,0.9024390243902439,0.9079965413718046,False,False
2025-05-22,3380.19,202,67,135,3096,1081.65,0.7509293680297398,0.8892119271543704,False,False
2025-05-23,3348.37,133,123,10,3106,1239.85,0.51953125,0.8526876858992264,False,False
2025-05-26,3346.84,160,59,101,3207,1398.8,0.730593607305936,0.8313440615551931,False,False
2025-05-27,3340.69,259,88,171,3378,1562.6,0.7463976945244957,0.8148821360923885,False,False
2025-05-28,3339.93,245,99,146,3524,1730.3,0.7122093023255814,0.7968653981635117,False,False
2025-05-29,3363.45,333,5,328,3852,1919.25,0.985207100591716,0.8110111082226832,False,False
2025-05-30,3347.49,228,75,153,4005,2116.35,0.7524752475247525,0.8005443472608726,False,False
2025-06-03,3361.98,395,68,327,4332,2329.85,0.8531317494600432,0.7918006746616574,False,False
2025-06-04,3376.2,457,16,441,4773,2555.65,0.9661733615221987,0.7919087705674708,False,False
2025-06-05,3384.1,261,10,251,5024,2781.75,0.9630996309963099,0.7979748312280772,False,False
2025-06-06,3385.36,327,12,315,5339,3010.7,0.9646017699115044,0.8193420714162538,False,False
2025-06-09,3399.77,488,10,478,5817,3254.2,0.9799196787148594,0.8653809142877398,False,False
2025-06-10,3384.82,296,41,255,6072,3498.55,0.8783382789317508,0.8801553814503211,False,False
2025-06-11,3402.32,296,6,290,6362,3747.7,0.9801324503311258,0.9035288570309842,False,False
2025-06-12,3402.66,384,47,337,6699,4004.95,0.8909512761020881,0.9214030544086349,False,False
2025-06-13,3377.0,192,134,58,6757,4257.4,0.588957055214724,0.8817780498709358,False,False
2025-06-16,3388.73,269,76,193,6950,4509.75,0.7797101449275362,0.884501539611214,False,False
2025-06-17,3387.4,253,75,178,7128,4753.95,0.7713414634146342,0.8763225110066731,False,False
2025-06-18,3388.81,231,123,108,7236,4980.9,0.652542372881356,0.844959412142589,False,False
2025-06-19,3362.11,145,263,-118,7118,5188.75,0.3553921568627451,0.7841886647292324,False,False
2025-06-20,3359.9,155,245,-90,7028,5385.35,0.3875,0.726478487738082,False,False
2025-06-23,3381.58,251,77,174,7202,5590.15,0.7652439024390244,0.7050109101104984,False,False
2025-06-24,3420.57,394,4,390,7592,5809.4,0.9899497487437185,0.7161720570916953,False,False
2025-06-25,3455.97,501,7,494,8086,6044.8,0.9862204724409449,0.7167808593026772,False,False
2025-06-26,3448.45,406,14,392,8478,6292.5,0.9666666666666667,0.7243523983591349,False,False
2025-06-27,3424.23,446,12,434,8912,6545.5,0.9737991266375546,0.7628366055014181,False,False
2025-06-30,3444.43,717,13,704,9616,6826.05,0.9821917808219178,0.7830847690908562,False,False
2025-07-01,3457.75,610,7,603,10219,7120.4,0.9886547811993517,0.804816100869328,False,False
2025-07-02,3454.79,479,12,467,10686,7416.05,0.9755600814663951,0.8371178717278319,False,False
2025-07-03,3461.15,638,7,631,11317,7730.7,0.9891472868217054,0.9004933847237279,False,False
2025-07-04,3472.32,307,18,289,11606,8044.05,0.9446153846153846,0.9562049231852665,False,False
2025-07-07,3473.13,553,33,520,12126,8359.5,0.9436860068259386,0.9740491336239578,False,False
2025-07-08,3497.48,864,13,851,12977,8704.75,0.9851767388825542,0.9735718326378414,False,False
2025-07-09,3493.05,647,22,625,13602,9066.75,0.9671150971599403,0.971661295109741,False,False
2025-07-10,3509.68,744,28,716,14318,9447.7,0.9637305699481865,0.971367685437893,False,False
2025-07-11,3510.18,594,13,581,14899,9854.8,0.9785831960461285,0.9718460923787502,False,False
2025-07-14,3519.65,819,21,798,15697,10292.15,0.975,0.9711269142965584,False,False
2025-07-15,3505.0,352,49,303,16000,10735.75,0.8778054862842892,0.9600419848050523,False,False
2025-07-16,3503.78,452,18,434,16434,11195.65,0.9617021276595744,0.9586561894243701,False,False
2025-07-17,3516.83,632,22,610,17044,11691.95,0.9663608562691132,0.956377546369111,False,False
2025-07-18,3534.48,610,20,590,17634,12222.25,0.9682539682539683,0.9587414047329693,False,False
2025-07-21,3559.79,1126,4,1122,18756,12799.95,0.9964601769911504,0.9640188217494904,False,False
2025-07-22,3581.86,1043,9,1034,19790,13409.85,0.9914448669201521,0.9646456345532503,False,False
2025-07-23,3582.3,419,8,411,20201,14015.6,0.9812646370023419,0.9660605885374904,False,False
2025-07-24,3605.73,955,3,952,21153,14649.35,0.9968684759916493,0.9693743791418367,False,False
2025-07-25,3593.66,780,12,768,21921,15299.8,0.9848484848484849,0.9700009080220724,False,False
2025-07-28,3597.94,820,27,793,22714,15954.7,0.9681227863046045,0.9693131866525327,False,False
2025-07-29,3609.71,774,45,729,23443,16615.9,0.945054945054945,0.9760381325295985,False,False
2025-07-30,3615.72,449,45,404,23847,17273.95,0.9089068825910931,0.9707586080227504,False,False
2025-07-31,3573.21,303,103,200,24047,17910.45,0.7463054187192119,0.9487530642677602,False,False
2025-08-01,3559.95,415,73,342,24389,18549.6,0.8504098360655737,0.9369686510489206,False,False
2025-08-04,3583.31,690,24,666,25055,19196.05,0.9663865546218487,0.9339612888119906,False,False
2025-08-05,3617.6,774,6,768,25823,19838.35,0.9923076923076923,0.9340475713507445,False,False
2025-08-06,3633.99,950,11,939,26762,20496.35,0.9885535900104059,0.9347764666515509,False,False
2025-08-07,3639.67,619,11,608,27370,21148.95,0.9825396825396825,0.9333435873063542,False,False
2025-08-08,3635.13,660,25,635,28005,21804.25,0.9635036496350365,0.9312091037850095,False,False
2025-08-11,3647.55,1048,16,1032,29037,22471.25,0.9849624060150376,0.9328930657560527,False,False
2025-08-12,3665.92,705,17,688,29725,23157.5,0.9764542936288089,0.936033000613439,False,False
2025-08-13,3683.46,830,26,804,30529,23862.25,0.969626168224299,0.9421049291767597,False,False
2025-08-14,3666.44,282,81,201,30730,24546.55,0.7768595041322314,0.9451603377180616,False,False
2025-08-15,3696.77,785,37,748,31478,25238.75,0.9549878345498783,0.9556181375664922,False,False
2025-08-18,3728.03,1079,19,1060,32538,25927.85,0.982695810564663,0.9572490631607735,False,False
2025-08-19,3727.29,900,21,879,33417,26609.2,0.9771986970684039,0.9557381636368447,False,False
2025-08-20,3766.21,1106,12,1094,34511,27324.7,0.9892665474060823,0.9558094593764123,False,False
2025-08-21,3771.1,624,5,619,35130,28023.55,0.9920508744038156,0.9567605785628256,False,False
2025-08-22,3825.76,865,13,852,35982,28726.6,0.9851936218678815,0.95892957578611,False,False
2025-08-25,3883.56,1109,3,1106,37088,29445.3,0.9973021582733813,0.9601635510119445,False,False
2025-08-26,3868.38,1022,11,1011,38099,30178.1,0.989351403678606,0.9614532620169243,False,False
2025-08-27,3800.35,309,51,258,38357,30903.6,0.8583333333333333,0.9503239785278277,False,False
2025-08-28,3843.6,588,83,505,38862,31644.35,0.8763040238450075,0.9602684304991053,False,False
2025-08-29,3857.93,486,85,401,39263,32388.05,0.851138353765324,0.9498834824206497,False,False
2025-09-01,3875.53,649,79,570,39833,33126.95,0.8914835164835165,0.9407622530125351,False,False
2025-09-02,3858.13,280,114,166,39999,33835.75,0.7106598984771574,0.9141083731534104,False,False
2025-09-03,3813.56,203,300,-97,39902,34492.75,0.40357852882703776,0.8555395712955061,False,False
2025-09-04,3765.88,172,154,18,39920,35120.25,0.5276073619631901,0.8090952200514435,False,False
2025-09-05,3812.51,411,43,368,40288,35734.4,0.9052863436123348,0.8011044922258888,False,False
2025-09-08,3826.84,549,32,517,40805,36322.8,0.9449225473321858,0.7958665311317693,False,False
2025-09-09,3807.29,363,68,295,41100,36891.55,0.8422273781902552,0.7811541285829342,False,False
2025-09-10,3812.22,310,58,252,41352,37432.7,0.842391304347826,0.7795599256843835,False,False
2025-09-11,3875.31,428,16,412,41764,37984.4,0.963963963963964,0.7883259196962792,False,False
2025-09-12,3870.6,377,60,317,42081,38514.55,0.8627002288329519,0.789482107203042,False,False
2025-09-15,3860.5,399,126,273,42354,39005.35,0.76,0.7763337555546903,False,False
2025-09-16,3861.87,523,80,443,42797,39474.35,0.867330016583748,0.7920007673653494,False,False
2025-09-17,3876.34,469,69,400,43197,39908.65,0.8717472118959108,0.8388176356722367,False,False
2025-09-18,3831.66,293,289,4,43201,40312.2,0.5034364261168385,0.8364005420876015,False,False
2025-09-19,3820.09,237,344,-107,43094,40667.8,0.4079173838209983,0.7866636461084678,False,False
2025-09-22,3828.58,298,539,-241,42853,40956.05,0.35603345280764637,0.7277747366560139,False,False
2025-09-23,3821.83,257,883,-626,42227,41162.45,0.22543859649122808,0.6660958584861112,False,False
2025-09-24,3853.64,402,60,342,42569,41373.05,0.8701298701298701,0.6688697150643156,False,False
2025-09-25,3853.3,280,455,-175,42394,41549.65,0.38095238095238093,0.6105685567631574,False,False
2025-09-26,3828.11,205,420,-215,42179,41695.45,0.328,0.5570985338798621,False,False
2025-09-29,3862.53,276,249,27,42206,41814.1,0.5257142857142857,0.5336699624512906,False,False
2025-09-30,3882.78,346,270,76,42282,41928.25,0.5616883116883117,0.503105791961747,False,False
2025-10-09,3933.97,456,238,218,42500,42058.15,0.6570605187319885,0.48163712264535474,False,False
2025-10-10,3897.03,306,150,156,42656,42194.95,0.6710526315789473,0.4983987431915657,False,False
2025-10-13,3889.5,302,404,-102,42554,42308.25,0.42776203966005666,0.5003832087754715,True,False
2025-10-14,3865.23,205,535,-330,42224,42379.2,0.27702702702702703,0.4924825661974096,False,False
2025-10-15,3912.21,286,28,258,42482,42448.3,0.910828025477707,0.5610215090960574,True,False
2025-10-16,3916.23,179,420,-241,42241,42492.75,0.2988313856427379,0.5038916606473443,False,False
2025-10-17,3839.76,102,1037,-935,41306,42469.85,0.08955223880597014,0.4747516464327032,False,False
2025-10-20,3863.89,172,136,36,41342,42432.9,0.5584415584415584,0.49779580227685905,False,False
2025-10-21,3916.33,259,24,235,41577,42394.05,0.9151943462897526,0.5367438083344058,True,False
2025-10-22,3913.76,206,99,107,41684,42338.4,0.6754098360655738,0.548115960772132,False,False
2025-10-23,3922.41,261,103,158,41842,42270.65,0.717032967032967,0.5541132056022298,False,False
2025-10-24,3950.31,216,73,143,41985,42209.85,0.7474048442906575,0.5617484268734008,False,False
2025-10-27,3996.94,308,48,260,42245,42167.4,0.8651685393258427,0.6054890768399794,False,False
2025-10-28,3988.22,254,98,156,42401,42144.8,0.7215909090909091,0.6499454650463676,False,False
2025-10-29,4016.33,309,129,180,42581,42162.5,0.7054794520547946,0.6294106077040763,False,False
2025-10-30,3986.9,227,339,-112,42469,42157.5,0.4010600706713781,0.6396334762069404,False,False
2025-10-31,3954.79,240,65,175,42644,42170.0,0.7868852459016393,0.7093667769165073,False,False
2025-11-03,3976.52,381,87,294,42938,42207.95,0.8141025641025641,0.7349328774826078,False,False
2025-11-04,3960.19,293,224,69,43007,42248.0,0.5667311411992263,0.7000865569735553,False,False
2025-11-05,3969.25,427,141,286,43293,42298.55,0.7517605633802817,0.7077216297050261,False,False
2025-11-06,4007.76,403,85,318,43611,42354.1,0.8258196721311475,0.7186003002148441,False,False
2025-11-07,3997.56,399,210,189,43800,42411.3,0.6551724137931034,0.7093770571650887,False,False
2025-11-10,4018.6,478,106,372,44172,42492.2,0.8184931506849316,0.7047095183009976,False,False
2025-11-11,4002.76,471,164,307,44479,42604.95,0.7417322834645669,0.7067236557383634,False,False
2025-11-12,4000.14,354,301,53,44532,42707.45,0.5404580152671755,0.6902215120596014,False,False
2025-11-13,4029.5,521,77,444,44976,42844.2,0.8712374581939799,0.7372392508118616,False,False
2025-11-14,3990.49,434,274,160,45136,43035.7,0.6129943502824858,0.7198501612499463,False,False
2025-11-17,3972.03,420,190,230,45366,43236.9,0.6885245901639344,0.7072923638560833,False,False
2025-11-18,3939.81,170,312,-142,45224,43419.25,0.35269709543568467,0.6858889592797291,False,False
2025-11-19,3946.74,145,620,-475,44749,43572.5,0.1895424836601307,0.629667151307714,False,False
2025-11-20,3931.05,109,704,-595,44154,43688.1,0.13407134071340712,0.56049231816594,False,False
2025-11-21,3834.89,49,1784,-1735,42419,43709.8,0.02673213311511184,0.4976482900981408,False,False
2025-11-24,3836.77,103,256,-153,42266,43710.85,0.28690807799442897,0.44448978282909063,False,False
2025-11-25,3870.02,124,99,25,42291,43705.35,0.5560538116591929,0.4259219356485532,False,False
2025-11-26,3864.18,134,266,-132,42159,43684.25,0.335,0.40537613412183565,False,False
2025-11-27,3875.26,126,230,-104,42055,43663.55,0.3539325842696629,0.3536456467294039,False,False
2025-11-28,3888.6,158,63,95,42150,43638.85,0.7149321266968326,0.3638394243708386,False,False
2025-12-01,3914.01,177,49,128,42278,43605.85,0.7831858407079646,0.37330554942524163,False,False
2025-12-02,3897.71,182,217,-35,42243,43567.65,0.45614035087719296,0.38364987496939246,False,False
2025-12-03,3878.0,157,468,-311,41932,43499.6,0.2512,0.3898156266033793,False,False
2025-12-04,3875.79,116,616,-500,41432,43390.65,0.15846994535519127,0.3922554870675578,False,False
2025-12-05,3902.81,216,59,157,41589,43280.1,0.7854545454545454,0.4681277283015012,False,False
2025-12-08,3924.08,244,106,138,41727,43157.85,0.6971428571428572,0.5091512062163439,True,False
2025-12-09,3909.52,166,413,-247,41480,43007.9,0.2867012089810017,0.4822159459485249,False,False
2025-12-10,3900.5,195,333,-138,41342,42848.4,0.3693181818181818,0.48564776413034305,False,False
2025-12-11,3873.32,127,1073,-946,40396,42619.4,0.10583333333333333,0.46083783903671005,False,False
2025-12-12,3889.35,191,774,-583,39813,42353.25,0.19792746113989637,0.40913737248101645,False,False
2025-12-15,3867.92,170,734,-564,39249,42047.4,0.18805309734513273,0.3496240981447333,False,False
2025-12-16,3824.81,100,1456,-1356,37893,41680.85,0.06426735218508997,0.310436798275523,False,False
2025-12-17,3870.28,112,473,-361,37532,41320.0,0.19145299145299147,0.30446209742082214,False,False
2025-12-18,3876.37,144,291,-147,37385,40981.55,0.3310344827586207,0.32171855116116505,False,False
2025-12-19,3890.45,208,28,180,37565,40738.85,0.8813559322033898,0.3313086898360495,False,False
2025-12-22,3917.36,202,40,162,37727,40511.9,0.8347107438016529,0.3450654785019291,False,False
2025-12-23,3919.98,150,200,-50,37677,40281.2,0.42857142857142855,0.3592525004609718,False,False
2025-12-24,3940.95,224,35,189,37866,40066.55,0.8648648648648649,0.40880716876564005,False,False
2025-12-25,3959.62,302,27,275,38141,39870.85,0.9179331306990881,0.4900171485022156,False,False
2025-12-26,3963.68,280,66,214,38355,39681.1,0.8092485549132948,0.5511492578795554,True,False
2025-12-29,3965.28,253,191,62,38417,39488.05,0.5698198198198198,0.5893259301270242,False,False
2025-12-30,3965.12,215,296,-81,38336,39292.7,0.4207436399217221,0.6249735589006874,False,False
2025-12-31,3968.84,260,266,-6,38330,39112.6,0.49429657794676807,0.655257917550065,False,False
2026-01-05,4023.42,333,33,300,38630,38972.5,0.9098360655737705,0.71313807583158,False,False
2026-01-06,4083.67,460,10,450,39080,38847.05,0.9787234042553191,0.7228748230367729,False,False
2026-01-07,4085.77,447,49,398,39478,38734.6,0.9012096774193549,0.7295247163985431,False,False
2026-01-08,4082.98,494,27,467,39945,38657.85,0.9481765834932822,0.7814852318907285,False,False
2026-01-09,4120.43,710,22,688,40633,38622.4,0.9699453551912568,0.7919932809233676,False,False
2026-01-12,4165.29,1063,24,1039,41672,38686.2,0.9779208831646734,0.7979920561699261,False,False
2026-01-13,4138.76,406,37,369,42041,38797.6,0.9164785553047404,0.8087150562090708,False,False
2026-01-14,4126.09,586,69,517,42558,38963.05,0.8946564885496183,0.8411987230820506,False,False
2026-01-15,4112.6,391,106,285,42843,39210.55,0.7867203219315896,0.8777963912830373,False,False
2026-01-16,4101.91,431,145,286,43129,39490.4,0.7482638888888888,0.9031931223772494,False,False
2026-01-19,4114.0,572,79,493,43622,39802.25,0.8786482334869432,0.9000743391685667,False,False
2026-01-20,4113.65,445,44,401,44023,40125.15,0.9100204498977505,0.8932040437328099,False,False
2026-01-21,4116.94,612,91,521,44544,40466.0,0.8705547652916074,0.890138552520035,False,False
2026-01-22,4122.58,611,72,539,45083,40836.3,0.8945827232796486,0.8847791664986717,False,False
2026-01-23,4136.16,801,52,749,45832,41234.6,0.9390386869871044,0.8816884996782564,False,False
2026-01-26,4132.61,502,106,396,46228,41638.95,0.8256578947368421,0.8664622008354733,False,False
2026-01-27,4139.9,427,182,245,46473,42044.85,0.7011494252873564,0.8449292878337349,False,False
2026-01-28,4151.24,485,209,276,46749,42461.45,0.6988472622478387,0.8253483652035569,False,False
2026-01-29,4157.98,336,166,170,46919,42890.6,0.6693227091633466,0.8136086039267326,False,False
2026-01-30,4117.95,286,191,95,47014,43324.8,0.59958071278826,0.7987402863166697,False,False
2026-02-02,4015.75,97,481,-384,46630,43724.8,0.16782006920415224,0.7276574698883906,False,False
2026-02-03,4067.74,274,109,165,46795,44110.55,0.7154046997389034,0.708195894872506,False,False
2026-02-04,4102.2,325,53,272,47067,44490.0,0.8597883597883598,0.7071192543221813,False,False
2026-02-05,4075.92,200,95,105,47172,44851.35,0.6779661016949152,0.6854575921637078,False,False
2026-02-06,4065.58,198,63,135,47307,45185.05,0.7586206896551724,0.6674157924305147,False,False
2026-02-09,4123.09,400,18,382,47689,45485.9,0.9569377990430622,0.6805437828611367,False,False
2026-02-10,4128.37,356,33,323,48012,45784.45,0.9151670951156813,0.7019455498439692,False,False
2026-02-11,4131.98,302,44,258,48270,46070.05,0.8728323699421965,0.719344060613405,False,False
2026-02-12,4134.02,332,121,211,48481,46351.95,0.7328918322295805,0.7257009729200283,False,False
2026-02-13,4082.07,177,186,-9,48472,46619.1,0.48760330578512395,0.7145032322197148,False,False
2026-02-24,4117.41,459,68,391,48863,46881.15,0.8709677419354839,0.7848179994928479,False,False
2026-02-25,4147.23,550,27,523,49386,47149.3,0.9532062391681109,0.8085981534357687,False,False
2026-02-26,4146.63,688,127,561,49947,47419.45,0.8441717791411043,0.8070364953710432,False,False
2026-02-27,4162.88,686,70,616,50563,47693.45,0.9074074074074074,0.8299806259422923,False,False
2026-03-02,4182.59,469,465,4,50567,47930.2,0.5021413276231264,0.8043326897390877,False,False
2026-03-03,4122.68,217,941,-724,49843,48110.95,0.18739205526770294,0.7273781153615518,False,False
2026-03-04,4082.47,173,1061,-888,48955,48235.05,0.14019448946515398,0.6498808547964992,False,False
2026-03-05,4108.57,245,184,61,49016,48348.4,0.5710955710955711,0.6197071749118366,False,False
2026-03-06,4124.19,383,26,357,49373,48471.1,0.9364303178484108,0.6400610234737195,False,False
2026-03-09,4096.6,336,245,91,49464,48593.6,0.5783132530120482,0.649132018196412,False,False
2026-03-10,4123.14,421,14,407,49871,48755.65,0.967816091954023,0.6588168531982659,False,False
2026-03-11,4133.43,431,59,372,50243,48928.05,0.8795918367346939,0.6514554129549242,False,False
2026-03-12,4129.1,398,181,217,50460,49097.7,0.687392055267703,0.635777440567584,False,False
2026-03-13,4095.45,237,296,-59,50401,49259.15,0.4446529080675422,0.5895019906335975,False,False
2026-03-16,4084.79,217,142,75,50476,49417.6,0.6044568245125348,0.5997335403225384,False,False
2026-03-17,4049.91,114,494,-380,50096,49537.95,0.1875,0.599744334795768,False,False
2026-03-18,4062.98,155,200,-45,50051,49639.9,0.43661971830985913,0.6293868576802386,False,False
2026-03-19,4006.55,91,1046,-955,49096,49681.2,0.08003518029903255,0.5802808186005847,False,False
2026-03-20,3957.05,85,1745,-1660,47436,49628.95,0.04644808743169399,0.4912825955589131,False,False
2026-03-23,3813.28,50,2845,-2795,44641,49437.4,0.017271157167530225,0.43517838597446123,False,False
2026-03-24,3881.28,108,71,37,44678,49228.15,0.6033519553072626,0.3987319723097852,False,False
2026-03-25,3931.84,168,28,140,44818,48999.75,0.8571428571428571,0.39648707435060154,False,False
2026-03-26,3889.08,126,268,-142,44676,48736.2,0.3197969543147208,0.35972756425530333,False,False
2026-03-27,3913.72,143,49,94,44770,48446.55,0.7447916666666666,0.38974144011521583,False,False
2026-03-30,3923.29,133,175,-42,44728,48154.6,0.4318181818181818,0.37247757584578045,False,False
2026-03-31,3891.86,84,431,-347,44381,47881.5,0.16310679611650486,0.37003825545743096,False,False
2026-04-01,3948.55,117,49,68,44449,47656.2,0.7048192771084337,0.3968582113372884,False,False
2026-04-02,3919.29,100,515,-415,44034,47407.1,0.16260162601626016,0.40511485590901114,False,False
2026-04-03,3880.1,77,1169,-1092,42942,47085.55,0.06179775280898876,0.40664982244674064,False,False
2026-04-07,3890.16,104,309,-205,42737,46749.2,0.25181598062953997,0.4301043047929416,False,False
2026-04-08,3995.0,174,15,159,42896,46400.45,0.9206349206349206,0.4618326013257074,False,False
2026-04-09,3966.17,189,65,124,43020,46039.3,0.7440944881889764,0.45052776443031933,False,False
2026-04-10,3986.22,171,33,138,43158,45674.2,0.8382352941176471,0.5023715984106121,True,False
2026-04-13,3988.56,196,75,121,43279,45318.1,0.7232472324723247,0.5002171549911778,False,False
2026-04-14,4026.63,225,49,176,43455,44967.05,0.8211678832116789,0.5391521251305276,False,False
2026-04-15,4027.21,178,71,107,43562,44640.35,0.714859437751004,0.5943273892939774,False,False
2026-04-16,4055.55,282,35,247,43809,44328.25,0.889589905362776,0.6128044521194116,False,False
2026-04-17,4051.43,295,109,186,43995,44073.2,0.7301980198019802,0.6695640914979837,False,False
2026-04-20,4082.13,281,80,201,44196,43911.2,0.778393351800554,0.7412236513971402,False,False
2026-04-21,4085.08,272,108,164,44360,43897.15,0.7157894736842105,0.7876210007026072,False,False
2026-04-22,4106.26,366,158,208,44568,43891.65,0.6984732824427481,0.76540483688339,False,False
2026-04-23,4093.25,207,282,-75,44493,43875.4,0.4233128834355828,0.7333266764080506,False,False
2026-04-24,4079.9,211,360,-149,44344,43858.8,0.36952714535901926,0.6864558615321878,False,False
2026-04-27,4086.34,269,299,-30,44314,43836.0,0.4735915492957746,0.6614902932145328,False,False
2026-04-28,4078.64,228,513,-285,44029,43801.05,0.3076923076923077,0.6101427356625957,False,False
2026-04-29,4107.51,320,150,170,44199,43791.95,0.6808510638297872,0.6067418982704741,False,False
2026-04-30,4112.16,349,265,84,44283,43783.65,0.5684039087947883,0.5746232986136752,False,False
2026-05-06,4160.17,520,199,321,44604,43812.15,0.7232267037552156,0.5739261670089988,False,False
2026-05-07,4180.09,620,183,437,45041,43917.1,0.772104607721046,0.573297292601048,False,False
2026-05-08,4179.95,588,111,477,45518,44056.15,0.8412017167381974,0.5858385169064467,False,False
2026-05-11,4225.02,750,114,636,46154,44219.05,0.8680555555555556,0.6027967442177274,False,False
2026-05-12,4214.49,438,296,142,46296,44382.85,0.5967302452316077,0.62013848039733,False,False
2026-05-13,4242.57,582,204,378,46674,44558.65,0.7404580152671756,0.6572315673881455,False,False
2026-05-14,4177.92,319,572,-253,46421,44715.75,0.35802469135802467,0.6456748815943707,False,False
2026-05-15,4135.39,295,686,-391,46030,44844.5,0.3007135575942915,0.6449770065845689,False,False
2026-05-18,4131.53,324,684,-360,45670,44949.9,0.32142857142857145,0.6090347573444475,False,False
2026-05-19,4169.54,425,217,208,45878,45053.35,0.661993769470405,0.618393743412009,False,False
2026-05-20,4162.18,417,737,-320,45558,45131.5,0.3613518197573657,0.5822062550122241,False,False
2026-05-21,4077.28,139,1240,-1101,44457,45144.55,0.10079767947788253,0.5150755621879077,False,False
2026-05-22,4112.9,313,512,-199,44258,45139.45,0.3793939393939394,0.46889478445348187,False,False
2026-05-25,4152.57,398,756,-358,43900,45106.05,0.34488734835355284,0.41657796373328165,False,False
2026-05-26,4145.37,263,1061,-798,43102,45036.5,0.1986404833836858,0.3767689875484895,False,False
2026-05-27,4093.73,176,1504,-1328,41774,44908.0,0.10476190476190476,0.31319937649796237,False,False
2026-05-28,4098.64,276,930,-654,41120,44748.3,0.22885572139303484,0.3002824795014634,False,False
2026-05-29,4068.57,127,1262,-1135,39985,44546.1,0.09143268538516919,0.27935439228055114,False,False
2026-06-01,4057.74,130,195,-65,39920,44332.15,0.4,0.28721153513769404,False,False
2026-06-02,4075.1,159,826,-667,39253,44080.65,0.16142131979695432,0.23715429017034895,False,False
2026-06-03,4083.97,155,1226,-1071,38182,43759.55,0.11223750905141203,0.21224285909975354,False,False
2026-06-04,4057.78,180,1829,-1649,36533,43334.15,0.0895968143354903,0.21112277258551435,False,False
2026-06-05,4027.74,141,619,-478,36055,42861.0,0.18552631578947368,0.19173601022506778,False,False
2026-06-08,3959.34,92,2165,-2073,33982,42252.4,0.0407620735489588,0.16132348274460837,False,False
2026-06-09,4010.03,169,1023,-854,33128,41594.0,0.1417785234899329,0.15563728675523308,False,False
2026-06-10,3993.23,130,1615,-1485,31643,40842.45,0.07449856733524356,0.15261095301256694,False,False
2026-06-11,3987.01,120,2007,-1887,29756,40009.2,0.056417489421720736,0.13536712981543556,False,False
2026-06-12,4031.51,96,261,-165,29591,39187.25,0.2689075630252101,0.15311461757943964,False,False
2026-06-15,4096.47,232,290,-58,29533,38380.4,0.4444444444444444,0.1575590620238841,False,False
2026-06-16,4091.89,290,464,-174,29359,37554.45,0.38461538461538464,0.1798784685057271,False,False
2026-06-17,4108.08,332,1159,-827,28532,36703.15,0.22266934942991282,0.1909216525435772,False,False
2026-06-18,4090.48,338,1293,-955,27577,35859.15,0.20723482526057632,0.2026854536360858,False,False
2026-06-22,4163.1,361,768,-407,27170,35004.75,0.31975199291408324,0.21610802134854676,False,False
2026-06-23,4106.25,191,539,-348,26822,34150.85,0.26164383561643834,0.2381961975552947,False,False
2026-06-24,4110.81,283,1731,-1448,25374,33264.45,0.14051638530287985,0.23806998373658939,False,False
2026-06-25,4120.28,297,2217,-1920,23454,32348.45,0.11813842482100238,0.2424339694851653,False,False
2026-06-26,4027.26,208,2699,-2491,20963,31340.6,0.0715514275885793,0.24394736330185113,False,False
2026-06-29,4073.9,200,1549,-1349,19614,30322.05,0.11435105774728416,0.22849171277405853,False,False
2026-06-30,4094.4,304,1158,-854,18760,29264.05,0.2079343365253078,0.2048407019821449,False,False
2026-07-01,4112.45,250,99,151,18911,28246.95,0.7163323782234957,0.238012401342956,False,False
2026-07-02,4028.9,97,196,-99,18812,27278.45,0.3310580204778157,0.24885126844774627,False,False
2026-07-03,4043.64,112,97,15,18827,26393.15,0.5358851674641149,0.2817163026681001,False,False
2026-07-06,4041.24,100,405,-305,18522,25516.5,0.19801980198019803,0.2695430835747116,False,False
2026-07-07,3990.24,43,1121,-1078,17444,24689.6,0.036941580756013746,0.2470728580886691,False,False
2026-07-08,3970.88,47,1201,-1154,16290,23847.7,0.03766025641025641,0.23678724519940678,False,False
2026-07-09,4036.59,72,969,-897,15393,23035.2,0.069164265129683,0.23188982923027485,False,False
2026-07-10,3996.16,59,221,-162,15231,22308.95,0.21071428571428572,0.2458061150428455,False,False
2026-07-13,3913.79,29,1824,-1795,13436,21501.2,0.015650296815974095,0.2359360389497145,False,False
2026-07-14,3967.13,43,427,-384,13052,20677.15,0.09148936170212765,0.2242915414673965,False,False
2026-07-15,3955.58,64,490,-426,12626,19840.5,0.11552346570397112,0.16421065021544404,False,False
2026-07-16,3882.41,40,701,-661,11965,19012.15,0.05398110661268556,0.136502958828931,False,False
2026-07-17,3764.15,22,1825,-1803,10162,18141.4,0.011911207363291824,0.0841055628188487,False,False
