date,open,high,low,close,volume
2025-07-04 15:00:00,5935.171,5935.390,5908.143,5911.435,14172578001661271100
2025-07-07 10:30:00,5901.402,5910.656,5891.730,5906.341,44268401001722845700
2025-07-07 12:00:00,5906.703,5910.102,5894.209,5895.927,1430660900902967900
2025-07-07 13:30:00,5896.907,5899.664,5889.602,5899.055,1307216600
2025-07-07 15:00:00,5898.860,5910.804,5893.791,5900.406,107252720011508075001706870300
2025-07-08 10:30:00,5903.102,5952.183,5903.102,5939.577,42518324002238193400
2025-07-08 12:00:00,5939.545,5971.759,5934.673,5965.078,13583578001801716800
2025-07-08 13:30:00,5966.338,5975.003,5962.521,5964.470,2061668200
2025-07-08 15:00:00,5964.335,5979.627,5962.703,5977.744,143176130015353744002189209900
2025-07-09 10:30:00,5980.645,5992.135,5972.959,5988.751,50763168001973600500
2025-07-09 12:00:00,5988.596,5989.381,5960.853,5970.415,15300938001677920800
2025-07-09 13:30:00,5970.653,5980.952,5970.290,5976.725,1348878000
2025-07-09 15:00:00,5976.631,5978.534,5940.176,5953.487,123625160014685776002179801100
2025-07-10 10:30:00,5950.966,5966.892,5942.290,5965.931,47155989002264976800
2025-07-10 12:00:00,5966.493,5968.490,5945.646,5958.225,19824289001322052800
2025-07-10 13:30:00,5959.133,5975.476,5959.133,5972.400,1723974000
2025-07-10 15:00:00,5972.239,6000.686,5971.573,5983.051,149329900021304226001991507700
2025-07-11 10:30:00,5985.824,6021.909,5963.257,6013.477,54122786003586196600
2025-07-11 12:00:00,6013.549,6045.057,6005.713,6045.057,24847972001964199000
2025-07-11 13:30:00,6046.313,6057.623,6035.999,6040.933,2820864000
2025-07-11 15:00:00,6040.797,6054.100,6016.250,6027.079,193238410014981067002537483600
2025-07-14 10:30:00,6033.178,6042.886,6024.296,6026.360,71974726002755318200
2025-07-14 12:00:00,6026.189,6030.343,6015.376,6017.027,17740678001506074700
2025-07-14 13:30:00,6017.304,6026.310,6011.687,6026.088,1566685200
2025-07-14 15:00:00,6026.049,6033.906,6020.859,6020.859,101675850011072406002004126800
2025-07-15 10:30:00,6018.627,6049.787,5995.895,6011.154,58110263003576427000
2025-07-15 12:00:00,6011.939,6026.806,5973.797,5977.983,17257223001922448500
2025-07-15 13:30:00,5977.630,6001.516,5977.003,5992.461,1516903500
2025-07-15 15:00:00,5992.251,6023.786,5992.251,6018.758,116517800012741973001981720500
2025-07-16 10:30:00,6019.577,6061.199,6015.813,6033.593,46209231002130821100
2025-07-16 12:00:00,6033.181,6033.311,6017.551,6032.059,1481417900959310100
2025-07-16 13:30:00,6032.386,6032.426,6018.442,6025.686,1298406500
2025-07-16 15:00:00,6025.688,6032.158,5997.163,6017.195,157661040012298260001563691100
2025-07-17 10:30:00,6013.714,6055.207,6013.044,6040.903,36093100002251800200
2025-07-17 12:00:00,6041.154,6057.346,6038.373,6054.824,13599031001289714900
2025-07-17 13:30:00,6055.620,6064.898,6052.771,6063.202,1604824500
2025-07-17 15:00:00,6063.343,6082.464,6061.168,6082.464,150094470013507631002002005300
2025-07-18 10:30:00,6092.230,6112.110,6081.558,6096.910,46509719002301669400
2025-07-18 12:00:00,6097.201,6103.575,6089.115,6092.872,15533113001137008700
2025-07-18 13:30:00,6093.198,6093.198,6076.853,6087.121,1481215700
2025-07-18 15:00:00,6087.105,6099.858,6073.638,6099.610,116922210011275846001894236700
2025-07-21 10:30:00,6115.025,6148.680,6110.988,6137.634,72350653002886475900
2025-07-21 12:00:00,6138.143,6147.269,6123.930,6136.701,19142647001522953200
2025-07-21 13:30:00,6137.475,6144.584,6129.109,6142.976,1886935400
2025-07-21 15:00:00,6143.773,6162.440,6142.501,6161.309,145658840014198217002412946100
2025-07-22 10:30:00,6166.616,6180.439,6152.814,6160.905,71042685003231630200
2025-07-22 12:00:00,6161.271,6198.441,6160.331,6198.251,22183890001653536200
2025-07-22 13:30:00,6198.979,6215.406,6192.549,6209.270,3673661200
2025-07-22 15:00:00,6209.009,6213.407,6180.349,6213.407,237526620018430512002521361700
2025-07-23 10:30:00,6218.207,6240.403,6200.206,6222.520,87743058003266777000
2025-07-23 12:00:00,6222.416,6241.727,6215.839,6241.727,19370308002067653300
2025-07-23 13:30:00,6242.056,6256.152,6236.688,6247.497,2755125600
2025-07-23 15:00:00,6247.350,6247.350,6187.012,6196.758,170989990024343577002892639500
2025-07-24 10:30:00,6197.853,6245.467,6197.853,6233.266,80134103003525156700
2025-07-24 12:00:00,6233.440,6262.641,6233.403,6258.710,25249098002509671800
2025-07-24 13:30:00,6259.695,6275.635,6259.695,6275.550,2712022600
2025-07-24 15:00:00,6275.905,6293.598,6255.426,6293.598,226058790018716717003418125600
2025-07-25 10:30:00,6297.626,6311.169,6285.760,6296.702,76105760003362936800
2025-07-25 12:00:00,6297.088,6307.568,6276.416,6288.528,27800661001596747800
2025-07-25 13:30:00,6287.989,6297.478,6282.869,6295.430,1873931900
2025-07-25 15:00:00,6295.621,6305.428,6280.966,6299.591,157752740021896689002714077900
2025-07-28 10:30:00,6305.225,6325.108,6271.930,6321.531,72978633003076285100
2025-07-28 12:00:00,6321.281,6329.030,6293.772,6293.772,20585355001910513000
2025-07-28 13:30:00,6293.727,6321.213,6292.264,6318.287,1843288900
2025-07-28 15:00:00,6318.135,6325.371,6304.920,6323.420,156921850015032885002185833900
2025-07-29 10:30:00,6308.123,6314.608,6272.314,6296.103,57104745002807067000
2025-07-29 12:00:00,6296.548,6322.459,6287.839,6312.466,19939597001785391500
2025-07-29 13:30:00,6312.891,6324.122,6305.435,6311.196,1659808600
2025-07-29 15:00:00,6311.007,6356.150,6307.683,6356.133,174238350019130535002563624600
2025-07-30 10:30:00,6345.374,6366.666,6331.402,6356.176,61687556002970659700
2025-07-30 12:00:00,6356.504,6368.269,6350.530,6355.283,20160406001406222100
2025-07-30 13:30:00,6355.587,6359.473,6342.452,6345.656,1603146400
2025-07-30 15:00:00,6345.553,6353.093,6269.513,6314.687,256474610024141665002069104100
2025-07-31 10:30:00,6297.912,6322.065,6271.916,6274.378,64726795003276230600
2025-07-31 12:00:00,6274.168,6291.236,6261.468,6288.933,21542964001454945200
2025-07-31 13:30:00,6290.164,6295.431,6263.144,6263.713,2179482700
2025-07-31 15:00:00,6263.305,6273.417,6206.190,6226.343,186301420018773705003143404600
2025-08-01 10:30:00,6221.051,6253.658,6212.324,6249.828,51636248002194906400
2025-08-01 12:00:00,6250.049,6250.094,6206.407,6212.502,16397389001111842300
2025-08-01 13:30:00,6212.738,6215.418,6188.350,6188.350,1526718800
2025-08-01 15:00:00,6188.475,6220.504,6177.478,6213.201,142007380014920264002041787700
2025-08-04 10:30:00,6190.344,6223.246,6187.622,6216.114,46605462001949811500
2025-08-04 12:00:00,6216.587,6220.058,6207.010,6211.459,13637946001045102800
2025-08-04 13:30:00,6211.922,6230.140,6211.922,6229.661,1273610300
2025-08-04 15:00:00,6229.369,6261.962,6223.597,6261.731,108965350014855697001991059400
2025-08-05 10:30:00,6277.011,6298.645,6275.020,6281.103,48506853002432437300
2025-08-05 12:00:00,6281.336,6285.698,6272.506,6279.018,13360169001075908300
2025-08-05 13:30:00,6279.685,6292.149,6278.204,6287.245,1402473500
2025-08-05 15:00:00,6287.543,6303.236,6282.536,6303.236,117330390012251544001924686900
2025-08-06 10:30:00,6298.929,6322.557,6293.225,6309.625,44931758002232692600
2025-08-06 12:00:00,6309.913,6342.866,6305.723,6339.869,17234279001423758700
2025-08-06 13:30:00,6340.710,6340.867,6326.762,6326.849,1694946800
2025-08-06 15:00:00,6327.013,6357.590,6324.266,6357.377,163315500013150285002086578500
2025-08-07 10:30:00,6356.332,6366.214,6301.515,6301.515,46922842002833075700
2025-08-07 12:00:00,6301.413,6340.445,6299.493,6339.591,16255806001537467700
2025-08-07 13:30:00,6340.703,6346.430,6326.505,6327.288,1776979400
2025-08-07 15:00:00,6327.272,6345.451,6326.396,6337.542,130981740012872192001982215800
2025-08-08 10:30:00,6324.175,6332.679,6308.148,6327.975,51699312002313765100
2025-08-08 12:00:00,6328.365,6351.335,6327.563,6346.873,16888122001274048600
2025-08-08 13:30:00,6347.534,6350.503,6322.595,6323.584,1891339200
2025-08-08 15:00:00,6323.414,6335.082,6317.725,6323.500,147772170012640009002171133700
2025-08-11 10:30:00,6335.427,6384.734,6335.427,6367.053,50291829002511052000
2025-08-11 12:00:00,6367.237,6402.270,6363.278,6398.489,16781578001629106700
2025-08-11 13:30:00,6399.366,6404.833,6389.527,6393.014,1812513500
2025-08-11 15:00:00,6392.818,6401.421,6378.917,6391.760,128158240015082283002041096300
2025-08-12 10:30:00,6392.402,6401.011,6369.260,6383.422,45452535002597023600
2025-08-12 12:00:00,6383.393,6398.573,6360.109,6398.352,20703893001288629100
2025-08-12 13:30:00,6399.818,6411.442,6396.195,6404.104,1850475800
2025-08-12 15:00:00,6404.238,6418.159,6398.702,6418.159,123181420012266303002024976000
2025-08-13 10:30:00,6422.789,6459.601,6422.215,6444.584,53805151002792951900
2025-08-13 12:00:00,6444.862,6494.844,6444.862,6493.526,27742122002322489800
2025-08-13 13:30:00,6494.507,6505.326,6488.984,6490.951,2229925900
2025-08-13 15:00:00,6491.296,6514.456,6481.451,6508.098,164809610020952787002358772600
2025-08-14 10:30:00,6509.208,6514.232,6495.199,6513.874,61496796002848160100
2025-08-14 12:00:00,6513.978,6519.794,6480.852,6481.482,26386680001600567000
2025-08-14 13:30:00,6480.689,6480.689,6411.921,6434.614,3445158800
2025-08-14 15:00:00,6435.355,6476.474,6429.846,6429.846,186804150016406031002704438700
2025-08-15 10:30:00,6417.389,6516.511,6417.389,6501.923,66058352003433323100
2025-08-15 12:00:00,6501.281,6535.850,6498.569,6535.850,19595613002194784800
2025-08-15 13:30:00,6537.930,6568.136,6537.930,6564.008,3409121100
2025-08-15 15:00:00,6563.864,6570.499,6545.140,6568.570,221802500019907049002710368600
2025-08-18 10:30:00,6612.988,6651.146,6580.437,6651.094,95640433004287308300
2025-08-18 12:00:00,6651.372,6700.356,6647.626,6697.622,28730310002447836100
2025-08-18 13:30:00,6698.331,6709.781,6667.529,6673.463,3395781800
2025-08-18 15:00:00,6674.179,6686.128,6633.243,6668.173,225473040025723140002849778000
2025-08-19 10:30:00,6663.157,6700.811,6631.119,6664.392,77041877004584307300
2025-08-19 12:00:00,6664.329,6697.373,6664.214,6690.082,20477003001683377200
2025-08-19 13:30:00,6692.193,6707.114,6679.013,6683.048,2389030600
2025-08-19 15:00:00,6683.576,6683.600,6634.377,6655.310,240533750019754003002494586700
2025-08-20 10:30:00,6623.614,6662.154,6602.036,6652.587,70354378003155150400
2025-08-20 12:00:00,6652.885,6670.092,6598.551,6622.960,21986055002443082000
2025-08-20 13:30:00,6623.470,6639.402,6611.415,6639.402,1883689700
2025-08-20 15:00:00,6639.788,6728.069,6637.731,6728.069,183392450024999454003373555400
2025-08-21 10:30:00,6739.690,6767.323,6701.043,6735.022,78615112003458085900
2025-08-21 12:00:00,6735.431,6754.869,6718.551,6739.869,22175992001922912900
2025-08-21 13:30:00,6741.412,6756.149,6737.608,6745.058,1830255400
2025-08-21 15:00:00,6744.927,6747.441,6673.061,6704.166,175863360022469912002958027000
2025-08-22 10:30:00,6704.030,6754.640,6704.030,6740.779,62156774003336337500
2025-08-22 12:00:00,6741.065,6777.945,6741.065,6768.715,24461691002077528000
2025-08-22 13:30:00,6771.160,6790.327,6763.644,6776.423,2528074700
2025-08-22 15:00:00,6775.801,6823.363,6771.118,6822.847,250179020026763583003896446800
2025-08-25 10:30:00,6886.268,6944.851,6863.932,6939.948,106140767004463399100
2025-08-25 12:00:00,6939.959,6967.796,6894.292,6904.787,33400502003614950300
2025-08-25 13:30:00,6905.587,6908.184,6864.001,6873.992,3712574000
2025-08-25 15:00:00,6873.144,6960.121,6866.826,6951.895,227996740020567579003301118900
2025-08-26 10:30:00,6928.286,6980.780,6910.405,6956.543,83187298003995156400
2025-08-26 12:00:00,6956.853,6995.579,6946.063,6993.333,23970724002381789200
2025-08-26 13:30:00,6994.373,6995.595,6972.828,6985.292,2493488500
2025-08-26 15:00:00,6985.423,7008.963,6946.207,6964.065,212113950025986541003847208300
2025-08-27 10:30:00,6964.770,7030.430,6964.770,7012.943,81077410004068469400
2025-08-27 12:00:00,7011.782,7064.362,7005.440,7064.362,31364446002118776100
2025-08-27 13:30:00,7065.748,7074.630,7041.621,7053.752,2829569800
2025-08-27 15:00:00,7053.918,7054.699,6862.562,6862.562,369843850034872551005359323800
2025-08-28 10:30:00,6858.503,6925.327,6857.824,6924.443,86146663003613271200
2025-08-28 12:00:00,6924.246,6962.467,6860.624,6887.591,27139110003214407600
2025-08-28 13:30:00,6889.066,6901.686,6821.387,6823.129,3557184400
2025-08-28 15:00:00,6823.020,7011.160,6798.934,7011.160,307970230024368590003576176800
2025-08-29 10:30:00,7030.274,7067.387,6990.753,7056.516,97306369004102465200
2025-08-29 12:00:00,7056.530,7078.923,7019.345,7036.774,28750019002260774600
2025-08-29 13:30:00,7037.763,7064.586,7011.892,7021.041,2264711600
2025-08-29 15:00:00,7021.865,7051.786,7005.582,7043.942,192438860018395532003094049400
2025-09-01 10:30:00,7087.734,7105.157,7038.344,7060.568,103019872004225659200
2025-09-01 12:00:00,7060.022,7110.687,7052.752,7075.841,25327434002303679500
2025-09-01 13:30:00,7076.444,7095.051,7071.741,7094.816,2274481100
2025-09-01 15:00:00,7094.743,7110.365,7074.311,7110.288,207537580020431676002833737300
2025-09-02 10:30:00,7108.945,7108.945,6988.717,7036.039,89150450004454908800
2025-09-02 12:00:00,7035.770,7038.694,6929.256,6958.761,31956693003143798900
2025-09-02 13:30:00,6956.044,6978.113,6909.723,6928.317,3057457800
2025-09-02 15:00:00,6928.964,7013.234,6925.628,6961.689,217829080016850327002773450600
2025-09-03 10:30:00,6988.020,7003.268,6925.247,6933.529,66909294003161462400
2025-09-03 12:00:00,6931.994,6984.536,6888.292,6901.997,33380385002264451700
2025-09-03 13:30:00,6901.772,6918.589,6888.137,6900.054,2427403900
2025-09-03 15:00:00,6900.677,6936.141,6846.181,6868.462,253209780019400657003553877200
2025-09-04 10:30:00,6884.358,6906.692,6774.382,6780.347,73579460003537299700
2025-09-04 12:00:00,6780.133,6780.133,6703.251,6719.673,30940072001821917900
2025-09-04 13:30:00,6719.444,6773.190,6706.334,6732.822,3044211400
2025-09-04 15:00:00,6733.125,6742.376,6607.985,6698.447,224217720026986298003238000200
2025-09-05 10:30:00,6709.145,6784.753,6678.600,6782.676,66347716002911942600
2025-09-05 12:00:00,6782.845,6825.207,6776.536,6812.592,24778265001748658100
2025-09-05 13:30:00,6815.426,6828.828,6803.583,6823.150,2264086300
2025-09-05 15:00:00,6823.664,6919.336,6822.965,6913.953,211223450026833991003252827000
2025-09-08 10:30:00,6927.407,6973.450,6909.095,6926.728,87277728003551039000
2025-09-08 12:00:00,6927.339,6951.636,6896.660,6948.317,26198224001707184800
2025-09-08 13:30:00,6950.231,6958.752,6937.359,6940.591,1935658400
2025-09-08 15:00:00,6940.629,6995.718,6933.616,6992.117,144410870017521798002679664500
2025-09-09 10:30:00,6959.937,6999.731,6940.677,6985.421,64209390003399675500
2025-09-09 12:00:00,6985.444,6993.159,6938.405,6945.717,23856078001876339300
2025-09-09 13:30:00,6946.514,6953.371,6907.658,6924.680,2322908400
2025-09-09 15:00:00,6925.187,6944.017,6895.509,6928.965,216173250017547192002262434000
2025-09-10 10:30:00,6911.112,6977.767,6897.788,6898.092,57399006003238808500
2025-09-10 12:00:00,6898.191,6941.902,6870.404,6929.418,19313528001334137500
2025-09-10 13:30:00,6931.185,6954.631,6925.146,6945.132,1681872900
2025-09-10 15:00:00,6943.877,6962.509,6926.452,6932.109,125977330016339953002172445800
2025-09-11 10:30:00,6924.304,6974.639,6889.586,6974.639,57108701002744427500
2025-09-11 12:00:00,6975.355,7069.858,6973.635,7069.858,23795829003118602600
2025-09-11 13:30:00,7071.434,7087.359,7050.035,7071.971,2909084700
2025-09-11 15:00:00,7071.913,7123.052,7056.836,7122.705,176838120021367944003627362700
2025-09-12 10:30:00,7115.610,7185.174,7112.422,7183.181,76834599004037800900
2025-09-12 12:00:00,7182.745,7191.477,7121.646,7174.144,33215276002533668300
2025-09-12 13:30:00,7175.947,7191.668,7169.188,7183.333,2526133700
2025-09-12 15:00:00,7183.630,7200.156,7142.753,7147.749,180924690020494288002695484700
2025-09-15 10:30:00,7170.412,7174.336,7126.829,7153.037,83124481003336925700
2025-09-15 12:00:00,7152.060,7171.696,7138.721,7159.703,18764537001626113700
2025-09-15 13:30:00,7160.285,7171.328,7152.112,7162.218,2112986100
2025-09-15 15:00:00,7162.004,7174.891,7136.062,7137.363,173037280021710975002660174800
2025-09-16 10:30:00,7152.189,7188.988,7125.948,7134.261,78915719003643432700
2025-09-16 12:00:00,7134.679,7148.139,7080.427,7142.399,28680052001695768300
2025-09-16 13:30:00,7144.372,7160.432,7137.885,7138.844,1935861300
2025-09-16 15:00:00,7138.407,7195.425,7129.244,7190.993,150012000020183230002681835900
2025-09-17 10:30:00,7184.264,7226.222,7160.912,7164.690,76931428004111833400
2025-09-17 12:00:00,7164.500,7252.796,7159.667,7244.990,29125790002352115100
2025-09-17 13:30:00,7247.304,7254.130,7228.195,7230.381,2232212200
2025-09-17 15:00:00,7230.000,7265.393,7225.652,7260.035,174392590019102518002870384700
2025-09-18 10:30:00,7248.279,7340.391,7235.980,7338.858,100396453004396265000
2025-09-18 12:00:00,7339.069,7342.201,7304.298,7341.746,27902289001879875300
2025-09-18 13:30:00,7343.278,7350.977,7272.339,7280.141,3335904900
2025-09-18 15:00:00,7281.009,7305.872,7115.631,7199.883,305511460049146158004447304300
2025-09-19 10:30:00,7200.692,7230.988,7177.762,7224.705,103108669003543287600
2025-09-19 12:00:00,7224.777,7224.777,7170.168,7204.606,25621824001745280200
2025-09-19 13:30:00,7205.332,7231.999,7167.150,7169.369,2304029900
2025-09-19 15:00:00,7169.188,7207.270,7142.061,7170.349,230657920017341317002644361400
2025-09-22 10:30:00,7182.888,7202.426,7143.075,7198.700,79475928003373095400
2025-09-22 12:00:00,7198.444,7209.207,7168.164,7193.975,21268696001569898900
2025-09-22 13:30:00,7195.275,7206.017,7186.826,7195.088,1852032100
2025-09-22 15:00:00,7195.461,7225.858,7162.667,7225.128,181159150016345935002870133100
2025-09-23 10:30:00,7240.847,7250.816,7088.381,7094.680,90591933004953469800
2025-09-23 12:00:00,7093.605,7141.411,7063.876,7066.583,31103359002465291800
2025-09-23 13:30:00,7065.854,7104.449,7045.561,7101.129,2229130700
2025-09-23 15:00:00,7099.684,7183.249,7046.621,7180.714,153636260019002239002874355400
2025-09-24 10:30:00,7140.313,7218.206,7133.432,7202.050,72799421003213657200
2025-09-24 12:00:00,7202.017,7286.644,7184.309,7286.644,20787101001882150800
2025-09-24 13:30:00,7289.187,7293.731,7259.686,7284.906,2516080100
2025-09-24 15:00:00,7284.689,7327.021,7280.766,7323.709,244449290018838030002707657600
2025-09-25 10:30:00,7325.660,7374.500,7312.351,7359.224,76180492003449267300
2025-09-25 12:00:00,7359.747,7379.611,7356.437,7374.624,22357671001813065300
2025-09-25 13:30:00,7376.535,7376.834,7338.876,7338.876,2357525100
2025-09-25 15:00:00,7338.254,7379.076,7325.730,7341.324,176623460016574629002720131500
2025-09-26 10:30:00,7311.843,7351.793,7291.388,7307.450,70713938003001234400
2025-09-26 12:00:00,7308.046,7347.547,7300.024,7307.404,18516154001444631300
2025-09-26 13:30:00,7308.933,7315.845,7294.601,7305.737,1553517700
2025-09-26 15:00:00,7305.608,7312.600,7237.046,7240.911,169053340017793506002752138200
2025-09-29 10:30:00,7251.522,7301.277,7216.736,7298.228,64488650002799437700
2025-09-29 12:00:00,7298.220,7311.194,7283.341,7289.247,21739826001548816000
2025-09-29 13:30:00,7289.881,7309.381,7288.108,7302.687,2308197600
2025-09-29 15:00:00,7302.595,7377.222,7302.233,7350.560,335579570022064994002512347800
2025-09-30 10:30:00,7372.524,7422.230,7372.063,7383.596,69277463003500566400
2025-09-30 12:00:00,7384.284,7423.119,7378.751,7413.974,19831854001436240200
2025-09-30 13:30:00,7414.033,7428.031,7403.036,7417.991,1915940600
2025-09-30 15:00:00,7418.077,7426.875,7384.783,7412.368,177061290015214668003014991600
2025-10-09 10:30:00,7470.047,7517.423,7437.324,7517.423,95474763004171775900
2025-10-09 12:00:00,7518.218,7559.092,7514.380,7550.540,28481955001971527900
2025-10-09 13:30:00,7551.475,7558.775,7530.503,7549.646,2613473100
2025-10-09 15:00:00,7550.211,7556.033,7522.678,7548.923,208100160019484508003131177300
2025-10-10 10:30:00,7499.392,7509.116,7437.536,7483.319,95129830003489561300
2025-10-10 12:00:00,7483.225,7501.229,7424.431,7439.705,22757570001934630000
2025-10-10 13:30:00,7440.025,7440.025,7420.672,7423.530,1960832300
2025-10-10 15:00:00,7423.756,7444.143,7373.984,7398.224,196800060020860832002997817200
2025-10-13 10:30:00,7135.104,7332.225,7135.104,7311.717,95107748003249234300
2025-10-13 12:00:00,7311.749,7338.233,7262.457,7262.457,22017382001659562900
2025-10-13 13:30:00,7261.695,7297.783,7241.516,7296.694,2090334000
2025-10-13 15:00:00,7296.735,7391.825,7291.998,7376.564,191470070019340499003242386900
2025-10-14 10:30:00,7434.115,7459.016,7363.502,7363.502,86985822004079927900
2025-10-14 12:00:00,7363.682,7365.721,7278.645,7303.014,29656537002204249900
2025-10-14 13:30:00,7303.658,7311.919,7247.575,7298.158,2402865000
2025-10-14 15:00:00,7297.773,7315.211,7166.082,7194.851,183376480024516477003099196100
2025-10-15 10:30:00,7205.737,7254.086,7153.418,7231.193,66746053002824141600
2025-10-15 12:00:00,7231.147,7231.147,7156.859,7185.229,24145907001376659500
2025-10-15 13:30:00,7186.035,7232.843,7185.109,7231.780,1851418600
2025-10-15 15:00:00,7231.769,7294.001,7231.769,7294.001,201908200018788376002716642400
2025-10-16 10:30:00,7269.259,7298.893,7249.949,7278.319,55958276002592120000
2025-10-16 12:00:00,7277.771,7305.947,7261.321,7266.442,18362027001548630200
2025-10-16 13:30:00,7266.714,7273.538,7224.774,7229.043,2226517700
2025-10-16 15:00:00,7228.441,7237.789,7206.443,7231.534,167008160016287580002395499200
2025-10-17 10:30:00,7226.421,7254.579,7109.101,7128.723,59100696002587462100
2025-10-17 12:00:00,7129.094,7160.947,7100.728,7100.728,13978634001606282000
2025-10-17 13:30:00,7099.529,7099.529,7075.198,7090.876,2005904400
2025-10-17 15:00:00,7090.988,7098.000,7009.891,7016.066,136449220019925961003139741500
2025-10-20 10:30:00,7092.884,7129.994,7049.019,7099.249,59908202002574905600
2025-10-20 12:00:00,7099.585,7118.112,7074.979,7092.740,17381093001200872600
2025-10-20 13:30:00,7093.126,7093.181,7051.087,7058.682,1463015200
2025-10-20 15:00:00,7058.315,7071.781,7033.383,7069.641,132303090013467267002045938700
2025-10-21 10:30:00,7095.616,7165.561,7082.300,7158.998,54809615002845517200
2025-10-21 12:00:00,7158.190,7193.730,7148.532,7179.999,24486391002030987500
2025-10-21 13:30:00,7180.747,7190.422,7169.714,7178.029,2055780000
2025-10-21 15:00:00,7177.665,7191.654,7162.650,7185.624,153016300016874386002517896000
2025-10-22 10:30:00,7135.208,7165.803,7101.827,7165.803,62003579002169039100
2025-10-22 12:00:00,7165.999,7166.557,7117.575,7119.142,18068726001261163700
2025-10-22 13:30:00,7118.623,7152.753,7116.422,7152.753,1316425600
2025-10-22 15:00:00,7152.723,7162.884,7118.331,7128.478,116143140011058745001953160600
2025-10-23 10:30:00,7108.855,7111.553,7022.295,7053.185,60651529002902915800
2025-10-23 12:00:00,7053.153,7083.449,7038.708,7057.926,16928485001256485600
2025-10-23 13:30:00,7059.239,7068.904,7056.370,7062.932,1281240100
2025-10-23 15:00:00,7062.538,7153.655,7042.576,7142.954,120610350016837567002804870100
2025-10-24 10:30:00,7175.923,7223.691,7175.923,7190.948,65138933002832538200
2025-10-24 12:00:00,7189.891,7224.387,7174.351,7215.222,15459537001314572800
2025-10-24 13:30:00,7216.413,7242.390,7216.411,7230.394,1759381500
2025-10-24 15:00:00,7230.442,7258.534,7210.658,7258.534,142526180015631911002577600900
2025-10-27 10:30:00,7336.204,7374.881,7325.216,7325.695,79169254003551668000
2025-10-27 12:00:00,7325.177,7360.223,7302.016,7360.025,23249587001432028700
2025-10-27 13:30:00,7361.878,7367.688,7347.225,7367.489,2023887400
2025-10-27 15:00:00,7367.184,7391.212,7345.188,7379.394,177639770016605949002518721300
2025-10-28 10:30:00,7344.454,7384.817,7335.806,7358.899,60405748002959312900
2025-10-28 12:00:00,7359.563,7404.756,7353.026,7396.554,17740105001806291700
2025-10-28 13:30:00,7397.136,7398.737,7341.854,7350.695,1908364600
2025-10-28 15:00:00,7350.717,7359.760,7308.272,7341.030,210551520014068661002210910500
2025-10-29 10:30:00,7350.757,7409.083,7350.757,7390.447,60689493003112086800
2025-10-29 12:00:00,7389.671,7432.751,7385.316,7425.687,26293917002009266100
2025-10-29 13:30:00,7426.081,7439.275,7422.628,7438.539,2101884500
2025-10-29 15:00:00,7438.774,7480.967,7431.528,7480.967,178899260018348644002838977900
2025-10-30 10:30:00,7462.433,7462.433,7397.228,7437.558,78050337003124259600
2025-10-30 12:00:00,7437.614,7463.653,7430.142,7457.567,24149619001701561100
2025-10-30 13:30:00,7457.484,7457.484,7375.239,7427.299,3363482300
2025-10-30 15:00:00,7427.552,7449.583,7385.711,7385.711,161112390016301843002690596800
2025-10-31 10:30:00,7385.742,7430.856,7351.942,7383.347,77745479003437988600
2025-10-31 12:00:00,7383.824,7386.421,7346.792,7353.084,22969803002037467500
2025-10-31 13:30:00,7352.881,7358.663,7338.323,7353.851,1946928900
2025-10-31 15:00:00,7353.843,7366.270,7331.003,7331.003,163424620014574865002618521700
2025-11-03 10:30:00,7327.120,7330.090,7234.803,7234.803,78097933003215821300
2025-11-03 12:00:00,7234.427,7273.430,7214.833,7255.418,22250160001452434800
2025-11-03 13:30:00,7256.278,7305.036,7251.319,7304.570,1793464900
2025-11-03 15:00:00,7304.192,7336.511,7298.490,7333.601,176932460015548547002347996400
2025-11-04 10:30:00,7315.189,7323.704,7252.838,7257.012,58013674002644985500
2025-11-04 12:00:00,7258.136,7260.520,7225.518,7237.049,21068328001359364700
2025-11-04 13:30:00,7237.078,7237.078,7211.503,7222.239,1611377300
2025-11-04 15:00:00,7221.960,7222.272,7167.347,7210.825,152043840019118504002376367700
2025-11-05 10:30:00,7098.956,7164.488,7098.956,7149.874,55953217002545708800
2025-11-05 12:00:00,7149.486,7211.130,7129.871,7205.241,16381032001903279900
2025-11-05 13:30:00,7206.644,7235.586,7206.644,7220.873,2503134400
2025-11-05 15:00:00,7221.226,7257.840,7219.073,7229.341,169198690013266837002353805700
2025-11-06 10:30:00,7243.196,7302.003,7243.196,7300.576,63533710002692628500
2025-11-06 12:00:00,7301.296,7339.459,7301.296,7329.898,22260474001663667500
2025-11-06 13:30:00,7331.315,7337.797,7319.549,7333.050,1906160000
2025-11-06 15:00:00,7333.066,7352.177,7318.016,7345.723,145822580014604289002411767600
2025-11-07 10:30:00,7307.296,7336.139,7285.819,7335.511,57366467002552274300
2025-11-07 12:00:00,7335.942,7366.899,7330.754,7341.929,18496448001725529600
2025-11-07 13:30:00,7342.190,7366.723,7333.961,7354.973,1839072500
2025-11-07 15:00:00,7354.918,7371.438,7326.312,7327.911,179132970014387902002358770000
2025-11-10 10:30:00,7357.339,7384.785,7298.164,7318.690,64933070003171521200
2025-11-10 12:00:00,7318.406,7324.830,7289.768,7293.505,20885578001549065400
2025-11-10 13:30:00,7293.646,7332.568,7292.332,7325.547,1742079200
2025-11-10 15:00:00,7325.747,7348.136,7300.204,7343.802,168485080013485210002372230600
2025-11-11 10:30:00,7364.925,7379.806,7315.001,7317.146,54013141002561484200
2025-11-11 12:00:00,7317.134,7328.378,7299.804,7319.334,17588925001829734400
2025-11-11 13:30:00,7320.407,7325.155,7286.690,7289.019,2067952400
2025-11-11 15:00:00,7288.820,7321.445,7281.975,7291.608,167076320015882644002287626100
2025-11-12 10:30:00,7264.792,7305.856,7213.805,7271.346,58061500002530956700
2025-11-12 12:00:00,7271.892,7271.892,7207.843,7207.900,19354915001519598000
2025-11-12 13:30:00,7206.952,7223.894,7187.868,7201.570,2022444200
2025-11-12 15:00:00,7201.752,7258.911,7200.298,7243.248,131144830012517425002172869800
2025-11-13 10:30:00,7243.640,7323.570,7243.640,7317.283,49562915002775008000
2025-11-13 12:00:00,7317.166,7364.131,7317.003,7363.445,21871040002008680400
2025-11-13 13:30:00,7365.335,7366.412,7335.132,7338.692,2104153400
2025-11-13 15:00:00,7338.596,7355.429,7312.726,7355.291,180322670014654757002689083300
2025-11-14 10:30:00,7283.699,7321.910,7267.978,7321.910,64460597002493101800
2025-11-14 12:00:00,7322.555,7329.596,7292.177,7296.484,16426193002265162400
2025-11-14 13:30:00,7296.205,7305.446,7283.761,7292.027,2075049300
2025-11-14 15:00:00,7292.252,7308.572,7235.462,7235.462,140684520014270397002830613600
2025-11-17 10:30:00,7248.922,7262.331,7207.080,7221.078,73245138002713239800
2025-11-17 12:00:00,7220.969,7257.895,7209.423,7220.731,18724150001630538000
2025-11-17 13:30:00,7221.547,7232.501,7217.233,7230.659,1555964900
2025-11-17 15:00:00,7230.709,7244.025,7202.593,7235.351,140576270014560697002346556300
2025-11-18 10:30:00,7215.030,7230.542,7173.785,7209.416,61224651002783322800
2025-11-18 12:00:00,7210.076,7218.054,7166.526,7178.148,21283795001868406700
2025-11-18 13:30:00,7177.858,7177.858,7140.615,7141.139,1819302100
2025-11-18 15:00:00,7140.734,7169.699,7118.408,7151.018,143884410017390383002321653500
2025-11-19 10:30:00,7141.264,7178.150,7117.177,7130.151,48804407002229384500
2025-11-19 12:00:00,7130.376,7156.099,7095.075,7096.062,16177451001378492300
2025-11-19 13:30:00,7095.032,7112.711,7091.327,7094.688,1607522000
2025-11-19 15:00:00,7094.995,7150.658,7086.123,7122.747,137426070013101326001880682300
2025-11-20 10:30:00,7174.105,7180.732,7107.139,7107.139,46539299002324985200
2025-11-20 12:00:00,7106.779,7108.214,7086.100,7106.195,16032098001244317100
2025-11-20 13:30:00,7106.502,7114.771,7089.745,7090.376,1254737500
2025-11-20 15:00:00,7090.380,7094.217,7056.914,7061.950,133594830013526850002192061800
2025-11-21 10:30:00,6955.748,6986.778,6879.430,6879.430,58153497003123071700
2025-11-21 12:00:00,6879.263,6889.642,6823.047,6873.556,28628006001700636800
2025-11-21 13:30:00,6873.813,6914.306,6871.054,6897.421,1656315800
2025-11-21 15:00:00,6897.589,6922.073,6817.410,6817.410,151917010015419190002674074700
2025-11-24 10:30:00,6856.755,6867.250,6806.403,6831.349,47228743002127864700
2025-11-24 12:00:00,6831.364,6846.059,6797.496,6804.371,14521770001143968500
2025-11-24 13:30:00,6804.372,6871.009,6800.823,6870.911,1751483300
2025-11-24 15:00:00,6872.467,6905.923,6863.338,6868.966,173441300012418142002461796300
2025-11-25 10:30:00,6915.123,7005.512,6912.320,7004.564,45731166002334088500
2025-11-25 12:00:00,7004.410,7018.470,6979.396,6999.074,17759948001282818500
2025-11-25 13:30:00,6998.724,6998.724,6955.114,6955.114,1672081300
2025-11-25 15:00:00,6954.741,6977.691,6947.927,6954.603,135722100013549891001920943200
2025-11-26 10:30:00,6946.081,7008.184,6936.877,6991.150,42630450002029179400
2025-11-26 12:00:00,6990.323,7024.882,6976.827,7013.452,16209812001429456100
2025-11-26 13:30:00,7014.015,7019.141,6998.721,7003.692,1434505800
2025-11-26 15:00:00,7002.698,7006.496,6960.170,6965.045,114563750011051786001866369000
2025-11-27 10:30:00,6970.733,7045.845,6970.733,7014.560,41374163001872529100
2025-11-27 12:00:00,7014.899,7032.681,6989.798,6990.323,13547594001023563300
2025-11-27 13:30:00,6990.703,7010.363,6989.628,7004.635,1112841400
2025-11-27 15:00:00,7004.655,7015.381,6943.444,6951.284,113984980010896234002053527600
2025-11-28 10:30:00,6947.237,7008.441,6941.483,6990.419,36470673002279164400
2025-11-28 12:00:00,6990.115,7016.348,6983.716,7012.951,12287603001003208700
2025-11-28 13:30:00,7014.970,7023.876,6996.230,7002.303,1388103200
2025-11-28 15:00:00,7001.708,7031.712,7000.195,7031.551,146524710010963941001913173300
2025-12-01 10:30:00,7053.847,7089.360,7040.803,7063.737,61040904002523955900
2025-12-01 12:00:00,7063.955,7092.939,7061.274,7086.130,16948520001249054700
2025-12-01 13:30:00,7086.879,7090.277,7074.676,7077.116,1584637000
2025-12-01 15:00:00,7077.872,7101.832,7068.931,7101.832,134004450012394661002161242600
2025-12-02 10:30:00,7084.799,7085.303,7043.098,7049.036,50658710002050969800
2025-12-02 12:00:00,7049.026,7065.511,7034.595,7036.993,13516338001067907600
2025-12-02 13:30:00,7037.733,7040.099,7023.620,7024.249,1417413400
2025-12-02 15:00:00,7023.928,7046.816,7022.610,7040.301,12988356009843322001714856300
2025-12-03 10:30:00,7044.857,7064.160,7017.079,7017.079,44563535002333515300
2025-12-03 12:00:00,7016.184,7037.662,7002.338,7035.167,17864292001111371300
2025-12-03 13:30:00,7034.952,7043.889,7021.085,7028.787,1405113700
2025-12-03 15:00:00,7029.034,7029.067,6975.089,6996.355,136790280015431878001780013100
2025-12-04 10:30:00,7001.642,7017.083,6958.632,6995.286,44923782002345791800
2025-12-04 12:00:00,6995.005,7039.716,6993.823,7021.222,14367503001007326600
2025-12-04 13:30:00,7021.708,7027.779,6999.010,7015.470,1199596000
2025-12-04 15:00:00,7015.289,7022.225,6999.855,7012.806,9592316009270728001735686500
2025-12-05 10:30:00,7008.649,7023.613,6965.806,7004.661,40741280002029711200
2025-12-05 12:00:00,7004.181,7059.361,7003.657,7043.614,12732228001311671300
2025-12-05 13:30:00,7044.185,7051.918,7031.243,7038.098,1306566400
2025-12-05 15:00:00,7038.653,7104.021,7037.513,7097.839,260663540021118830002160009300
2025-12-08 10:30:00,7119.051,7162.723,7114.323,7147.485,66505357002665229400
2025-12-08 12:00:00,7147.698,7172.641,7147.698,7168.664,16081805001328449400
2025-12-08 13:30:00,7170.763,7187.775,7167.528,7187.762,1621227100
2025-12-08 15:00:00,7187.917,7193.723,7165.331,7172.367,161683670016340606002136655600
2025-12-09 10:30:00,7150.973,7185.107,7139.242,7139.572,50903621002871826000
2025-12-09 12:00:00,7139.257,7160.592,7130.611,7150.740,18704758001063880800
2025-12-09 13:30:00,7151.538,7151.538,7121.414,7121.823,1450427800
2025-12-09 15:00:00,7122.367,7128.577,7103.833,7121.326,130892070011968543001837359100
2025-12-10 10:30:00,7111.570,7120.807,7070.475,7095.165,46477232001930774100
2025-12-10 12:00:00,7095.459,7126.497,7092.883,7100.915,15700520001096364000
2025-12-10 13:30:00,7100.955,7105.209,7086.858,7104.688,1333028400
2025-12-10 15:00:00,7104.688,7171.973,7103.369,7155.994,144209720014846066001892137200
2025-12-11 10:30:00,7171.208,7179.425,7149.348,7167.294,56784352002221846300
2025-12-11 12:00:00,7167.373,7173.419,7129.163,7129.616,16619437001171392100
2025-12-11 13:30:00,7129.459,7129.459,7102.044,7107.782,1879385000
2025-12-11 15:00:00,7107.234,7132.398,7082.893,7082.893,139682620016903360002484690900
2025-12-12 10:30:00,7088.100,7106.648,7063.841,7092.700,52609248002396562300
2025-12-12 12:00:00,7093.830,7155.238,7086.011,7141.286,19043391001796307900
2025-12-12 13:30:00,7141.659,7165.193,7139.112,7163.656,1948721200
2025-12-12 15:00:00,7163.506,7187.100,7162.141,7169.791,172141640017668906003045085000
2025-12-15 10:30:00,7121.381,7160.385,7117.700,7157.794,61946034002278031600
2025-12-15 12:00:00,7157.776,7177.154,7137.404,7137.424,18800649001314527200
2025-12-15 13:30:00,7137.564,7147.026,7122.598,7123.066,1294407300
2025-12-15 15:00:00,7123.079,7143.082,7110.678,7113.962,112988170011058878002020002500
2025-12-16 10:30:00,7101.670,7102.772,6997.051,7018.777,59910249002600107200
2025-12-16 12:00:00,7018.474,7018.524,6965.924,6967.123,17674459001221683300
2025-12-16 13:30:00,6966.937,7001.663,6962.882,6966.913,1447550700
2025-12-16 15:00:00,6966.619,7026.022,6962.645,7001.319,140215070010589864001717638300
2025-12-17 10:30:00,7002.506,7051.861,6988.871,7021.043,48441709002165342700
2025-12-17 12:00:00,7021.408,7042.619,7003.185,7029.167,12861803001067675300
2025-12-17 13:30:00,7029.433,7036.553,7019.605,7032.537,1248883000
2025-12-17 15:00:00,7032.809,7160.776,7026.861,7137.834,214727800026133506002068432800
2025-12-18 10:30:00,7096.981,7172.962,7094.540,7147.947,49604141002237175500
2025-12-18 12:00:00,7147.791,7158.655,7131.993,7139.532,14209330001038606600
2025-12-18 13:30:00,7140.972,7163.004,7134.801,7156.658,1439434600
2025-12-18 15:00:00,7155.913,7155.913,7100.836,7100.836,139892980010998181001894300600
2025-12-19 10:30:00,7124.404,7189.899,7117.158,7184.227,52632421002732574300
2025-12-19 12:00:00,7183.990,7197.068,7164.216,7180.163,17965113001391179600
2025-12-19 13:30:00,7180.416,7191.303,7168.427,7169.410,1610890300
2025-12-19 15:00:00,7168.771,7178.221,7156.907,7169.551,143064320014303950002228878800
2025-12-22 10:30:00,7205.489,7262.018,7205.489,7256.355,64127777002298012000
2025-12-22 12:00:00,7256.132,7277.386,7246.496,7265.855,14869628001248298400
2025-12-22 13:30:00,7266.450,7271.593,7253.379,7268.025,1625655200
2025-12-22 15:00:00,7267.005,7273.882,7250.595,7255.661,151236180011315386002108681600
2025-12-23 10:30:00,7257.908,7278.574,7238.982,7269.616,53246288002531706300
2025-12-23 12:00:00,7269.664,7297.703,7255.646,7285.426,17821409001310470300
2025-12-23 13:30:00,7285.551,7285.838,7261.441,7267.369,1537177900
2025-12-23 15:00:00,7267.375,7279.081,7228.722,7256.786,147192620012819902002107559600
2025-12-24 10:30:00,7257.615,7290.020,7247.405,7286.766,44042453002252963400
2025-12-24 12:00:00,7286.934,7316.718,7278.524,7312.683,15381689001535187300
2025-12-24 13:30:00,7313.832,7345.926,7310.107,7343.914,1907485100
2025-12-24 15:00:00,7343.649,7362.570,7338.994,7352.040,174943670012332251002263059500
2025-12-25 10:30:00,7341.922,7374.044,7334.340,7351.258,48426652002429918700
2025-12-25 12:00:00,7351.005,7380.313,7350.656,7375.814,16108912001252908600
2025-12-25 13:30:00,7376.090,7415.408,7372.340,7407.498,1746608600
2025-12-25 15:00:00,7407.661,7426.137,7398.078,7410.712,145600690014667487002035672200
2025-12-26 10:30:00,7422.601,7467.926,7416.795,7464.747,52873581002790749500
2025-12-26 12:00:00,7464.526,7484.916,7397.426,7415.973,20530720002788734100
2025-12-26 13:30:00,7416.331,7464.373,7416.331,7456.136,1788753100
2025-12-26 15:00:00,7455.741,7480.799,7438.607,7458.839,166288440015948076001961329600
2025-12-29 10:30:00,7467.504,7477.589,7435.542,7471.880,67501178002856760600
2025-12-29 12:00:00,7471.636,7491.693,7455.631,7473.694,17896842001545752400
2025-12-29 13:30:00,7474.203,7474.203,7449.746,7461.726,1790292100
2025-12-29 15:00:00,7461.473,7465.882,7411.447,7430.615,129401510015777553002280056300
2025-12-30 10:30:00,7390.140,7462.466,7389.869,7446.330,58996639002634888400
2025-12-30 12:00:00,7445.632,7467.450,7442.465,7455.580,19456324001483625100
2025-12-30 13:30:00,7456.606,7495.061,7438.249,7482.855,2426042600
2025-12-30 15:00:00,7483.140,7490.490,7448.353,7458.936,163517030013851298002210209000
2025-12-31 10:30:00,7473.752,7488.066,7447.606,7480.665,61544519003143166100
2025-12-31 12:00:00,7480.329,7482.842,7444.099,7444.429,19340734001599315100
2025-12-31 13:30:00,7444.013,7482.932,7435.066,7481.158,1798787000
2025-12-31 15:00:00,7481.146,7483.478,7456.055,7465.574,135307980012250850002234816000
2026-01-05 10:30:00,7523.875,7605.275,7523.248,7605.177,90659901003484798700
2026-01-05 12:00:00,7605.502,7628.161,7600.529,7626.721,25556270001875591700
2026-01-05 13:30:00,7627.544,7630.090,7599.702,7612.693,2258439000
2026-01-05 15:00:00,7612.952,7651.238,7610.225,7651.198,172945180016486533002566834700
2026-01-06 10:30:00,7663.941,7761.622,7663.662,7741.333,99606234005159619600
2026-01-06 12:00:00,7741.559,7769.697,7705.668,7766.292,34037332002066022000
2026-01-06 13:30:00,7767.415,7793.287,7767.415,7792.857,2659430500
2026-01-06 15:00:00,7793.130,7814.651,7754.533,7814.136,238054060023856339003296907000
2026-01-07 10:30:00,7838.912,7898.027,7830.384,7871.343,104948606004564726800
2026-01-07 12:00:00,7870.973,7909.656,7867.004,7902.045,21916949002011604100
2026-01-07 13:30:00,7903.186,7903.186,7837.142,7842.308,3064575100
2026-01-07 15:00:00,7842.918,7881.895,7828.394,7875.082,232980860018559066002877167300
2026-01-08 10:30:00,7853.209,7923.880,7853.177,7900.412,101790672003927403100
2026-01-08 12:00:00,7900.624,7938.066,7892.474,7923.764,27513040002684096300
2026-01-08 13:30:00,7925.272,7938.595,7916.982,7919.537,2442688500
2026-01-08 15:00:00,7920.256,7920.256,7849.068,7894.545,214340580025700067002658201900
2026-01-09 10:30:00,7907.849,8049.068,7907.849,8041.513,109348834004233203900
2026-01-09 12:00:00,8041.857,8063.258,7985.484,7988.297,29705620003475879100
2026-01-09 13:30:00,7988.467,8015.732,7975.617,8014.011,2640171500
2026-01-09 15:00:00,8013.779,8064.758,8006.337,8056.686,189105780019666438003350065900
2026-01-12 10:30:00,8141.626,8176.891,8103.238,8135.972,119132257004209383100
2026-01-12 12:00:00,8134.499,8210.519,8117.894,8210.519,30941765002860365800
2026-01-12 13:30:00,8211.656,8217.764,8154.635,8195.489,3702492800
2026-01-12 15:00:00,8196.051,8261.354,8190.988,8249.128,229466100022219242003227399500
2026-01-13 10:30:00,8270.422,8270.422,8136.674,8194.907,135850943004843586200
2026-01-13 12:00:00,8193.485,8265.074,8159.423,8227.183,35636526002783342400
2026-01-13 13:30:00,8227.143,8239.383,8163.607,8176.084,2808107700
2026-01-13 15:00:00,8176.323,8219.462,8106.610,8143.280,240405230022923598004132908000
2026-01-14 10:30:00,8165.352,8347.173,8165.352,8343.293,125524918005194113800
2026-01-14 12:00:00,8343.381,8368.221,8327.138,8360.893,39308326002983239600
2026-01-14 13:30:00,8359.627,8359.627,8167.282,8241.989,7100202100
2026-01-14 15:00:00,8242.354,8273.211,8123.404,8227.697,400612210033842903003125307900
2026-01-15 10:30:00,8170.349,8249.031,8169.314,8185.926,112384081004559363100
2026-01-15 12:00:00,8187.431,8215.936,8153.257,8166.868,28131518002290159800
2026-01-15 13:30:00,8166.930,8207.606,8148.788,8198.656,2723152100
2026-01-15 15:00:00,8198.570,8223.268,8167.558,8223.268,203267980021550841003547584200
2026-01-16 10:30:00,8241.693,8292.741,8204.525,8220.884,95267766004795080700
2026-01-16 12:00:00,8221.854,8256.833,8211.544,8221.904,28339866002054497900
2026-01-16 13:30:00,8223.699,8253.096,8208.322,8247.433,2409796000
2026-01-16 15:00:00,8246.286,8279.274,8221.036,8232.674,193910920017890446002849612600
2026-01-19 10:30:00,8199.499,8315.879,8195.089,8288.471,86286723004216826300
2026-01-19 12:00:00,8285.913,8318.370,8249.846,8289.582,24809564001943283200
2026-01-19 13:30:00,8289.378,8316.849,8289.378,8303.988,2133194800
2026-01-19 15:00:00,8304.569,8313.981,8264.451,8287.947,216256650018554562002728782500
2026-01-20 10:30:00,8307.642,8342.874,8142.142,8165.263,89701632004968409200
2026-01-20 12:00:00,8164.715,8231.161,8144.226,8198.780,27877838001783877600
2026-01-20 13:30:00,8198.704,8231.784,8177.192,8223.776,2590657900
2026-01-20 15:00:00,8224.051,8261.343,8189.816,8247.805,233716350024551739003093216900
2026-01-21 10:30:00,8196.557,8334.876,8196.557,8334.876,75401967003798036700
2026-01-21 12:00:00,8335.675,8346.382,8299.720,8316.220,25811125001996060200
2026-01-21 13:30:00,8316.498,8329.641,8311.094,8318.144,1968942400
2026-01-21 15:00:00,8318.384,8351.454,8310.624,8340.113,184546500019282681002672356500
2026-01-22 10:30:00,8355.678,8396.133,8342.981,8360.178,89313466004850993700
2026-01-22 12:00:00,8359.868,8375.592,8344.884,8349.829,26426517001926218500
2026-01-22 13:30:00,8349.247,8369.721,8337.195,8354.541,1997316300
2026-01-22 15:00:00,8355.165,8387.595,8353.995,8387.595,172167830017913833003018935900
2026-01-23 10:30:00,8422.356,8511.544,8417.752,8483.808,106127615004430509600
2026-01-23 12:00:00,8484.710,8526.383,8475.624,8515.328,28549951002569950900
2026-01-23 13:30:00,8515.793,8555.905,8515.793,8542.938,2973038500
2026-01-23 15:00:00,8542.295,8590.166,8540.993,8590.166,259439800023382044003595148900
2026-01-26 10:30:00,8624.888,8671.316,8518.399,8530.272,129630644005609927500
2026-01-26 12:00:00,8530.137,8557.630,8485.428,8522.315,35270587002381631300
2026-01-26 13:30:00,8523.412,8533.752,8485.521,8486.468,2712273300
2026-01-26 15:00:00,8486.404,8533.478,8453.476,8506.693,257869970020551262003100778600
2026-01-27 10:30:00,8464.650,8514.476,8368.175,8412.922,110148636004471932200
2026-01-27 12:00:00,8413.163,8480.882,8410.240,8449.826,26433791001774033700
2026-01-27 13:30:00,8451.612,8494.435,8448.831,8475.337,2576279000
2026-01-27 15:00:00,8475.412,8581.105,8473.762,8548.932,272670140020263231003051748500
2026-01-28 10:30:00,8565.339,8585.682,8526.647,8553.586,90144237005201840800
2026-01-28 12:00:00,8552.652,8586.605,8526.533,8585.946,38547429002568303800
2026-01-28 13:30:00,8587.338,8623.569,8557.207,8564.268,3153288600
2026-01-28 15:00:00,8563.615,8633.147,8559.278,8601.164,199148490020001729003393168100
2026-01-29 10:30:00,8584.681,8658.944,8572.858,8587.373,126696032005016700000
2026-01-29 12:00:00,8586.794,8642.145,8584.304,8605.494,30105702002737448600
2026-01-29 13:30:00,8607.200,8626.208,8555.084,8555.084,3108939000
2026-01-29 15:00:00,8554.911,8589.950,8503.094,8517.843,285550310025630365003458038100
2026-01-30 10:30:00,8439.652,8496.337,8248.480,8248.480,122984103005462371100
2026-01-30 12:00:00,8246.528,8327.866,8194.584,8318.708,39604304002097799000
2026-01-30 13:30:00,8318.836,8401.118,8318.836,8399.344,2511715900
2026-01-30 15:00:00,8399.833,8426.414,8370.520,8370.520,206189960017024390002799651700
2026-02-02 10:30:00,8279.715,8324.434,8207.188,8214.754,98229116003945602700
2026-02-02 12:00:00,8216.925,8239.326,8174.896,8179.801,22914675002176327600
2026-02-02 13:30:00,8180.410,8190.957,8143.898,8146.211,2410992100
2026-02-02 15:00:00,8146.763,8174.062,8032.350,8037.046,296051890023030299004053751900
2026-02-03 10:30:00,8135.870,8182.131,8126.588,8146.126,86145809003699901800
2026-02-03 12:00:00,8145.168,8177.770,8075.374,8174.076,30040816002178654000
2026-02-03 13:30:00,8175.405,8198.004,8163.968,8196.421,2184713400
2026-02-03 15:00:00,8198.175,8286.701,8197.874,8286.701,225232660021790793003109376000
2026-02-04 10:30:00,8270.842,8281.539,8203.148,8257.135,92019582003764316800
2026-02-04 12:00:00,8255.712,8260.866,8196.023,8203.602,23733159001847056300
2026-02-04 13:30:00,8204.885,8228.832,8179.352,8225.709,2493653000
2026-02-04 15:00:00,8225.982,8309.858,8200.270,8299.057,166829660019096924003627738500
2026-02-05 10:30:00,8203.063,8224.785,8094.204,8111.632,73712701003939317500
2026-02-05 12:00:00,8111.243,8151.533,8086.005,8105.364,26044618001514988400
2026-02-05 13:30:00,8104.919,8121.167,8081.428,8115.798,1738116800
2026-02-05 15:00:00,8115.949,8188.854,8086.689,8146.107,191751580014972078002601173300
2026-02-06 10:30:00,8054.218,8204.695,8014.660,8194.408,66414900003492404600
2026-02-06 12:00:00,8193.546,8236.183,8185.573,8220.158,23649762001510117300
2026-02-06 13:30:00,8220.520,8247.297,8207.430,8223.701,1977301000
2026-02-06 15:00:00,8223.733,8240.416,8146.413,8146.413,145997720017219479002696000200
2026-02-09 10:30:00,8280.109,8304.535,8229.003,8291.820,75357916003034499700
2026-02-09 12:00:00,8291.988,8311.380,8279.459,8291.227,19330683001586395900
2026-02-09 13:30:00,8291.819,8300.915,8280.451,8299.835,1889975000
2026-02-09 15:00:00,8299.745,8313.469,8291.365,8311.283,138434290013396671002463016100
2026-02-10 10:30:00,8318.532,8331.986,8258.152,8301.975,65132717002476101000
2026-02-10 12:00:00,8302.054,8313.497,8280.426,8290.046,19048530001641194000
2026-02-10 13:30:00,8291.426,8316.452,8285.593,8308.490,1940527100
2026-02-10 15:00:00,8308.872,8323.577,8301.950,8306.445,146524740013074100002332017800
2026-02-11 10:30:00,8295.333,8373.503,8295.122,8356.474,63577493003197375600
2026-02-11 12:00:00,8356.044,8371.038,8342.802,8361.967,21306991001530818900
2026-02-11 13:30:00,8363.289,8370.761,8343.862,8348.376,1737315900
2026-02-11 15:00:00,8347.730,8356.666,8324.419,8325.811,136346120015948006002489749700
2026-02-12 10:30:00,8342.365,8403.064,8341.771,8385.015,69167072002736139100
2026-02-12 12:00:00,8384.780,8433.281,8375.940,8415.210,20039955001510672800
2026-02-12 13:30:00,8415.042,8423.944,8399.103,8407.948,1890768400
2026-02-12 15:00:00,8410.261,8437.420,8404.526,8423.569,189146700015938908002670191000
2026-02-13 10:30:00,8366.333,8419.762,8361.647,8390.345,61253105002531804300
2026-02-13 12:00:00,8389.499,8399.571,8351.938,8368.425,16235847001545800400
2026-02-13 13:30:00,8368.918,8385.113,8356.106,8356.106,1474111000
2026-02-13 15:00:00,8356.634,8373.511,8290.839,8299.585,153665510017380452003703261300
2026-02-24 10:30:00,8403.311,8413.609,8328.568,8405.215,86401911003151868500
2026-02-24 12:00:00,8404.062,8444.128,8398.374,8429.525,18738796001830743300
2026-02-24 13:30:00,8430.389,8430.952,8399.216,8402.851,1910371400
2026-02-24 15:00:00,8402.908,8407.928,8386.469,8392.910,129104160013464048002418427500
2026-02-25 10:30:00,8412.080,8491.148,8401.596,8487.618,92831245004174355900
2026-02-25 12:00:00,8488.022,8526.499,8488.022,8526.499,26685843001869613700
2026-02-25 13:30:00,8527.048,8548.200,8524.200,8545.764,2447451400
2026-02-25 15:00:00,8545.388,8551.534,8489.395,8527.559,219068700023303003002825221800
2026-02-26 10:30:00,8542.832,8547.486,8490.922,8509.507,83697245004042661100
2026-02-26 12:00:00,8509.829,8562.755,8507.847,8561.836,27863128001704215600
2026-02-26 13:30:00,8563.799,8582.763,8558.755,8580.144,2095622600
2026-02-26 15:00:00,8579.358,8580.994,8537.451,8557.216,177419110017479517002890497100
2026-02-27 10:30:00,8499.796,8609.108,8499.796,8604.911,81667018003984621400
2026-02-27 12:00:00,8604.697,8617.475,8572.681,8573.459,28185726001713213200
2026-02-27 13:30:00,8573.615,8625.226,8573.615,8624.915,3332322700
2026-02-27 15:00:00,8624.872,8658.450,8623.870,8658.450,258634370018020146003632326700
2026-03-02 10:30:00,8585.853,8683.982,8551.460,8591.520,130713073005917701700
2026-03-02 12:00:00,8591.275,8631.529,8577.001,8602.994,28143750002243063600
2026-03-02 13:30:00,8603.821,8682.377,8602.450,8671.688,2455612200
2026-03-02 15:00:00,8671.787,8674.693,8632.800,8658.334,196751430021391462003294509300
2026-03-03 10:30:00,8651.060,8654.568,8365.517,8399.282,111021534005897539700
2026-03-03 12:00:00,8400.500,8520.027,8400.500,8466.748,26620716002117100200
2026-03-03 13:30:00,8467.212,8467.212,8399.165,8400.172,2912895500
2026-03-03 15:00:00,8400.477,8406.089,8267.109,8281.614,268339270034438439003796393600
2026-03-04 10:30:00,8167.981,8377.174,8167.981,8314.117,102932387003770064100
2026-03-04 12:00:00,8314.783,8318.170,8231.939,8236.075,30578755002180948700
2026-03-04 13:30:00,8235.980,8277.908,8222.385,8248.513,1991229800
2026-03-04 15:00:00,8248.274,8300.519,8223.170,8248.945,154705330016403659002729995400
2026-03-05 10:30:00,8383.546,8391.037,8306.124,8356.476,84322374003204865100
2026-03-05 12:00:00,8356.099,8370.745,8326.305,8340.899,28988116001761881100
2026-03-05 13:30:00,8342.731,8352.180,8325.746,8345.913,2126829200
2026-03-05 15:00:00,8345.168,8356.425,8251.106,8309.171,211965270025019251002588143200
2026-03-06 10:30:00,8273.183,8380.416,8258.645,8355.889,76478399003422460100
2026-03-06 12:00:00,8356.077,8394.334,8355.032,8390.780,20288882001604050300
2026-03-06 13:30:00,8391.671,8393.725,8352.898,8355.753,2125713900
2026-03-06 15:00:00,8355.658,8382.009,8349.327,8360.335,183963510017942949002988613600
2026-03-09 10:30:00,8234.193,8234.592,8066.141,8103.233,118258427003818615800
2026-03-09 12:00:00,8103.340,8187.308,8102.515,8172.573,23628279001867976900
2026-03-09 13:30:00,8172.881,8233.084,8159.659,8231.497,2061091100
2026-03-09 15:00:00,8231.728,8305.925,8224.739,8279.481,212825490020151335002572108200
2026-03-10 10:30:00,8341.145,8395.973,8341.145,8367.673,93259655003534343600
2026-03-10 12:00:00,8368.031,8378.910,8330.934,8358.016,20193905001509294400
2026-03-10 13:30:00,8359.097,8383.429,8347.039,8380.357,1842669000
2026-03-10 15:00:00,8380.627,8412.933,8377.165,8410.303,154642870014969181002719126000
2026-03-11 10:30:00,8419.310,8439.619,8395.358,8421.150,77395684003717042400
2026-03-11 12:00:00,8421.312,8434.015,8391.482,8411.034,26178869002111520900
2026-03-11 13:30:00,8412.180,8417.821,8386.238,8386.382,2655433600
2026-03-11 15:00:00,8386.314,8417.537,8379.033,8403.330,198820990026133409003005735900
2026-03-12 10:30:00,8396.722,8433.037,8377.106,8384.790,98416507004143138900
2026-03-12 12:00:00,8384.018,8393.078,8299.960,8300.965,29475449002096766400
2026-03-12 13:30:00,8301.126,8317.788,8290.588,8298.905,2569193000
2026-03-12 15:00:00,8299.304,8372.021,8299.304,8359.472,234239960015756470002727309900
2026-03-13 10:30:00,8317.780,8371.716,8267.186,8339.133,100963714003877426300
2026-03-13 12:00:00,8339.227,8355.258,8290.713,8306.229,24886962001768810800
2026-03-13 13:30:00,8306.676,8320.402,8290.995,8291.166,2054975900
2026-03-13 15:00:00,8290.879,8320.291,8217.969,8239.798,194491740027193172003862583800
2026-03-16 10:30:00,8227.693,8233.655,8082.981,8091.798,98661202003614637000
2026-03-16 12:00:00,8092.023,8119.444,8060.782,8118.176,22578859001473135300
2026-03-16 13:30:00,8120.156,8185.603,8120.156,8170.812,2385331300
2026-03-16 15:00:00,8171.331,8189.366,8152.755,8185.152,172833590016674145002627738100
2026-03-17 10:30:00,8199.993,8207.461,8126.215,8170.264,71737080003415273900
2026-03-17 12:00:00,8170.744,8185.411,8123.922,8130.438,19762613001626641500
2026-03-17 13:30:00,8131.258,8144.974,8106.003,8114.457,1802539400
2026-03-17 15:00:00,8113.894,8113.894,8016.002,8016.026,180654410022521725002960139300
2026-03-18 10:30:00,8044.919,8055.202,7996.442,8006.165,61781628002970153400
2026-03-18 12:00:00,8006.566,8016.404,7958.450,8015.049,22057228001450036200
2026-03-18 13:30:00,8016.243,8039.295,7992.745,7998.140,1798994400
2026-03-18 15:00:00,7997.953,8105.955,7996.931,8096.428,159882110018624360002585065600
2026-03-19 10:30:00,7975.848,8000.430,7905.542,7949.663,67985856003226780500
2026-03-19 12:00:00,7949.817,7981.094,7931.839,7953.171,17662258001299611000
2026-03-19 13:30:00,7953.409,7953.409,7887.835,7889.038,1942211700
2026-03-19 15:00:00,7888.833,7934.553,7844.152,7877.090,204472290017718683003124480800
2026-03-20 10:30:00,7913.485,7941.586,7848.204,7872.515,68639894002877760800
2026-03-20 12:00:00,7872.791,7923.052,7825.589,7921.488,19220779002044482400
2026-03-20 13:30:00,7923.026,7935.379,7869.547,7880.083,1966136900
2026-03-20 15:00:00,7880.074,7881.276,7757.833,7760.037,131363230016436713003313127800
2026-03-23 10:30:00,7623.245,7708.430,7559.556,7639.538,89179488003241933300
2026-03-23 12:00:00,7639.390,7639.463,7563.197,7563.205,22743365001538260800
2026-03-23 13:30:00,7562.492,7608.148,7501.338,7501.338,2677165000
2026-03-23 15:00:00,7501.712,7547.864,7399.042,7440.745,259063500027019770003213846000
2026-03-24 10:30:00,7555.082,7558.262,7379.861,7455.276,69678489003499060500
2026-03-24 12:00:00,7455.847,7517.161,7450.993,7498.491,22863819001786579500
2026-03-24 13:30:00,7499.563,7500.283,7415.331,7416.187,1999031700
2026-03-24 15:00:00,7416.012,7597.373,7415.498,7597.373,123985720022026331002915249000
2026-03-25 10:30:00,7660.401,7806.911,7660.401,7770.933,87259340003693396500
2026-03-25 12:00:00,7771.145,7786.789,7720.730,7727.286,27570141001682089300
2026-03-25 13:30:00,7728.744,7781.308,7728.744,7778.984,1625196500
2026-03-25 15:00:00,7779.431,7780.988,7735.400,7767.665,164753550015360807002403908800
2026-03-26 10:30:00,7757.019,7777.290,7724.031,7732.411,67198221002810341200
2026-03-26 12:00:00,7732.368,7747.310,7701.849,7705.208,19820075001354899500
2026-03-26 13:30:00,7705.381,7709.365,7625.105,7642.328,2304807300
2026-03-26 15:00:00,7641.250,7668.030,7620.777,7642.130,157878770016253376002245609700
2026-03-27 10:30:00,7539.196,7680.776,7539.196,7678.916,58232599002539046600
2026-03-27 12:00:00,7679.308,7708.870,7668.132,7708.382,19762926001163872200
2026-03-27 13:30:00,7710.885,7785.378,7710.885,7756.650,2201865200
2026-03-27 15:00:00,7756.360,7778.273,7717.901,7737.614,142860950013047141002382846500
2026-03-30 10:30:00,7655.153,7724.979,7610.549,7655.018,79549064002658602600
2026-03-30 12:00:00,7654.446,7763.665,7637.202,7762.996,16529295001563179200
2026-03-30 13:30:00,7764.482,7766.111,7724.028,7732.735,1489035700
2026-03-30 15:00:00,7731.443,7754.114,7713.706,7753.723,117926120011738257002112116600
2026-03-31 10:30:00,7740.579,7788.893,7721.713,7748.481,63144037002757014700
2026-03-31 12:00:00,7748.493,7752.645,7635.169,7651.916,23044570001788845900
2026-03-31 13:30:00,7651.462,7677.642,7641.170,7677.642,1425185100
2026-03-31 15:00:00,7677.895,7705.489,7617.326,7617.326,134011690016784104002300169800
2026-04-01 10:30:00,7764.336,7770.691,7689.590,7698.743,61869833002433128200
2026-04-01 12:00:00,7697.650,7738.862,7692.992,7714.319,17248715001258153800
2026-04-01 13:30:00,7714.896,7767.384,7704.793,7767.384,1566931800
2026-04-01 15:00:00,7767.644,7778.988,7710.941,7750.092,135544950010488265002021722400
2026-04-02 10:30:00,7726.445,7740.095,7647.449,7657.416,48079698002843554500
2026-04-02 12:00:00,7657.694,7677.554,7635.927,7644.252,16533862001146377000
2026-04-02 13:30:00,7643.638,7643.638,7602.518,7622.411,1835797900
2026-04-02 15:00:00,7622.260,7628.494,7562.210,7605.293,149162790016028893001826884700
2026-04-03 10:30:00,7636.663,7640.841,7538.046,7581.682,48060999002388838400
2026-04-03 12:00:00,7581.706,7603.835,7538.288,7541.646,1337602700988707700
2026-04-03 13:30:00,7542.110,7543.507,7518.346,7536.301,1368295500
2026-04-03 15:00:00,7535.883,7591.808,7530.806,7534.938,122480820010684068001980976400
2026-04-07 10:30:00,7562.137,7630.136,7559.760,7598.392,49460157002083749500
2026-04-07 12:00:00,7598.980,7607.803,7542.808,7544.625,14033169001122085100
2026-04-07 13:30:00,7543.821,7573.557,7529.399,7549.916,1251158600
2026-04-07 15:00:00,7550.338,7588.523,7549.188,7571.111,99605460010810626001812692700
2026-04-08 10:30:00,7741.635,7824.899,7741.635,7819.660,86089673002681287500
2026-04-08 12:00:00,7819.978,7875.333,7819.978,7869.842,20644681001438312700
2026-04-08 13:30:00,7870.931,7908.008,7869.869,7895.876,2268236200
2026-04-08 15:00:00,7894.928,7945.153,7888.539,7945.153,195676070016015600002574068700
2026-04-09 10:30:00,7865.205,7942.650,7845.958,7932.204,68097919002809037000
2026-04-09 12:00:00,7932.363,7947.678,7901.905,7902.961,17276574001235901300
2026-04-09 13:30:00,7902.964,7907.492,7871.992,7889.837,1747684900
2026-04-09 15:00:00,7889.672,7919.698,7888.229,7898.633,124389590012450714002236525200
2026-04-10 10:30:00,7958.815,8070.648,7953.497,8029.789,71274934003046576300
2026-04-10 12:00:00,8029.370,8032.050,7990.246,7992.028,19390432001468370800
2026-04-10 13:30:00,7992.934,8011.861,7980.980,7986.147,1766758500
2026-04-10 15:00:00,7986.271,8020.966,7969.365,7969.365,124901840014050111002338163400
2026-04-13 10:30:00,7917.919,7987.015,7917.919,7980.643,65510674002657679000
2026-04-13 12:00:00,7980.723,7988.411,7939.502,7951.730,19857791001276291700
2026-04-13 13:30:00,7952.824,7977.058,7943.729,7977.058,1897502200
2026-04-13 15:00:00,7976.036,7990.981,7960.188,7967.697,148211650012784565002365977100
2026-04-14 10:30:00,8039.074,8068.342,8005.501,8068.065,69596270002703734000
2026-04-14 12:00:00,8067.795,8073.983,8042.778,8072.725,22526788001535058200
2026-04-14 13:30:00,8074.507,8076.303,8015.994,8024.364,2207871500
2026-04-14 15:00:00,8024.370,8088.569,8002.648,8088.569,165507480013580019002757521000
2026-04-15 10:30:00,8144.809,8150.622,8104.702,8109.204,71824001002628296100
2026-04-15 12:00:00,8108.647,8117.997,8070.385,8101.009,18620300001436501200
2026-04-15 13:30:00,8102.484,8112.472,8067.930,8070.150,1652224400
2026-04-15 15:00:00,8070.562,8077.570,8020.868,8044.077,131801630016888397002597298800
2026-04-16 10:30:00,8068.154,8140.955,8056.781,8117.507,58940097002413927800
2026-04-16 12:00:00,8117.656,8162.889,8115.883,8154.741,18307506001422020900
2026-04-16 13:30:00,8156.353,8164.659,8131.734,8147.199,1880967400
2026-04-16 15:00:00,8147.276,8189.175,8138.359,8180.082,128840540015492429002566243600
2026-04-17 10:30:00,8155.396,8187.692,8149.938,8182.364,63907580002773411000
2026-04-17 12:00:00,8181.954,8205.489,8179.118,8183.592,16392282001361453800
2026-04-17 13:30:00,8184.231,8202.441,8169.024,8198.150,1607563800
2026-04-17 15:00:00,8198.437,8230.107,8190.187,8214.194,158755120014368828002361035200
2026-04-20 10:30:00,8223.584,8309.853,8214.263,8301.061,68934816003357722600
2026-04-20 12:00:00,8300.576,8310.944,8263.974,8300.415,19819033001743152500
2026-04-20 13:30:00,8300.891,8306.565,8274.234,8279.833,1805132900
2026-04-20 15:00:00,8279.789,8291.916,8259.440,8290.022,162953950013996990002565770600
2026-04-21 10:30:00,8263.379,8263.379,8189.758,8219.701,70266892002870287900
2026-04-21 12:00:00,8219.827,8246.784,8217.651,8223.169,18364151001561706900
2026-04-21 13:30:00,8223.496,8274.992,8223.496,8264.936,1839026400
2026-04-21 15:00:00,8265.119,8281.321,8241.354,8270.327,138363500014569245002208946700
2026-04-22 10:30:00,8226.852,8312.774,8226.852,8309.030,65607409002842070300
2026-04-22 12:00:00,8308.886,8333.305,8294.745,8332.292,19660467001732623100
2026-04-22 13:30:00,8333.408,8350.853,8317.816,8350.026,2157870300
2026-04-22 15:00:00,8350.148,8377.336,8336.061,8376.181,177133800017004402002602594100
2026-04-23 10:30:00,8387.765,8401.499,8275.514,8323.995,93118338003349783700
2026-04-23 12:00:00,8324.124,8332.091,8231.745,8232.699,22549274002023440500
2026-04-23 13:30:00,8232.161,8283.945,8220.953,8264.348,2215210500
2026-04-23 15:00:00,8264.903,8328.046,8262.207,8295.207,188562470015194880002388390300
2026-04-24 10:30:00,8244.778,8281.557,8165.804,8196.829,78807474002964514500
2026-04-24 12:00:00,8196.769,8246.360,8191.531,8210.658,24168165001533916700
2026-04-24 13:30:00,8212.940,8238.487,8190.215,8224.694,1906682300
2026-04-24 15:00:00,8225.815,8299.878,8220.071,8247.876,136663480016932705002468606600
2026-04-27 10:30:00,8236.434,8313.873,8219.943,8310.586,82640499003222742400
2026-04-27 12:00:00,8309.680,8323.401,8288.841,8301.478,21564677001437705500
2026-04-27 13:30:00,8302.844,8322.003,8289.601,8322.003,1843963300
2026-04-27 15:00:00,8321.669,8326.155,8287.677,8299.049,149449780016070922002433061400
2026-04-28 10:30:00,8274.631,8275.328,8217.616,8257.519,73301171003269070900
2026-04-28 12:00:00,8257.643,8267.503,8232.579,8264.254,18727196001415732300
2026-04-28 13:30:00,8264.473,8264.473,8223.491,8227.771,2069118700
2026-04-28 15:00:00,8228.000,8228.703,8173.445,8203.961,194246680017217918002389895800
2026-04-29 10:30:00,8157.355,8275.092,8157.355,8267.280,72458574003508347400
2026-04-29 12:00:00,8267.582,8320.065,8265.499,8311.269,22187012001733217000
2026-04-29 13:30:00,8312.229,8324.096,8303.712,8322.701,2140219000
2026-04-29 15:00:00,8322.890,8356.715,8308.451,8342.422,169535700018441261002701376600
2026-04-30 10:30:00,8331.439,8345.776,8300.502,8323.223,91219645003480682500
2026-04-30 12:00:00,8323.849,8341.524,8304.751,8338.570,24087297001635954100
2026-04-30 13:30:00,8338.871,8338.871,8313.287,8316.467,2250998000
2026-04-30 15:00:00,8316.454,8375.193,8315.542,8349.508,157815350015777193002701263600
2026-05-06 10:30:00,8441.342,8577.275,8441.342,8571.589,94260482004105356200
2026-05-06 12:00:00,8572.206,8608.645,8566.762,8608.605,25203570001892926600
2026-05-06 13:30:00,8609.513,8621.346,8598.718,8602.759,2585269900
2026-05-06 15:00:00,8603.529,8620.751,8553.644,8588.440,197843070022797264002676630200
2026-05-07 10:30:00,8637.841,8638.219,8598.712,8614.712,91431747003849352600
2026-05-07 12:00:00,8614.366,8656.547,8611.824,8648.945,22777059001765184900
2026-05-07 13:30:00,8650.403,8653.477,8629.694,8644.445,2560073700
2026-05-07 15:00:00,8644.629,8700.335,8644.105,8696.799,248216460019847893003036972200
2026-05-08 10:30:00,8638.838,8706.333,8634.744,8666.831,91213651004622574800
2026-05-08 12:00:00,8667.357,8678.900,8616.223,8632.137,27101742001935601600
2026-05-08 13:30:00,8632.120,8688.584,8632.120,8688.355,1999872800
2026-05-08 15:00:00,8688.880,8705.619,8678.165,8694.171,206442280018825718002777770400
2026-05-11 10:30:00,8771.176,8811.647,8716.451,8798.413,99771192003900262100
2026-05-11 12:00:00,8798.426,8860.766,8792.135,8860.731,24098929001794617000
2026-05-11 13:30:00,8861.351,8863.769,8795.738,8817.615,3096443000
2026-05-11 15:00:00,8817.508,8847.404,8806.754,8839.742,209953420023123695003242781700
2026-05-12 10:30:00,8856.180,8856.180,8752.934,8785.529,96786283004145565100
2026-05-12 12:00:00,8784.851,8828.186,8744.320,8755.076,25973373002307323600
2026-05-12 13:30:00,8754.359,8793.431,8736.417,8790.249,2326973700
2026-05-12 15:00:00,8791.320,8794.757,8754.441,8785.979,177541670015741256002581726500
2026-05-13 10:30:00,8730.913,8809.840,8730.913,8809.840,79245006003397457100
2026-05-13 12:00:00,8810.168,8848.862,8790.540,8830.300,24486389002035689300
2026-05-13 13:30:00,8832.088,8892.246,8832.088,8883.420,2730858600
2026-05-13 15:00:00,8883.827,8925.877,8874.740,8918.239,196137860019671938002943971900
2026-05-14 10:30:00,8952.950,8956.662,8772.994,8794.253,101956749004352056800
2026-05-14 12:00:00,8793.304,8813.410,8712.183,8752.476,28339987002281613500
2026-05-14 13:30:00,8753.919,8792.128,8722.260,8780.824,2152955100
2026-05-14 15:00:00,8781.109,8809.930,8670.157,8670.157,178129540016778546003674807600
2026-05-15 10:30:00,8676.621,8707.257,8490.845,8563.126,87193879003319329500
2026-05-15 12:00:00,8562.645,8717.092,8551.278,8688.216,25881716002609506300
2026-05-15 13:30:00,8689.410,8689.410,8589.537,8623.401,2454884800
2026-05-15 15:00:00,8622.585,8622.585,8473.042,8536.344,263549270020706904002698713000
2026-05-18 10:30:00,8493.016,8606.410,8472.424,8583.315,75378673003285756100
2026-05-18 12:00:00,8583.237,8600.571,8532.603,8554.268,22447395001925450800
2026-05-18 13:30:00,8556.524,8588.921,8554.434,8569.104,2203572700
2026-05-18 15:00:00,8569.594,8595.128,8489.323,8554.237,166645530018237657002421734300
2026-05-19 10:30:00,8524.154,8569.624,8417.355,8417.355,77409626003990271800
2026-05-19 12:00:00,8417.328,8530.995,8416.515,8527.022,19760827001768473900
2026-05-19 13:30:00,8528.721,8553.037,8485.653,8552.661,2295289400
2026-05-19 15:00:00,8551.939,8633.061,8542.718,8627.946,172833990018184713003068990400
2026-05-20 10:30:00,8581.394,8621.759,8552.427,8592.580,86192084003186895600
2026-05-20 12:00:00,8592.720,8614.053,8563.619,8612.513,23913295001456839800
2026-05-20 13:30:00,8613.789,8681.723,8613.789,8618.897,2287294600
2026-05-20 15:00:00,8619.547,8660.150,8610.740,8656.306,129230450014154816002392515700
2026-05-21 10:30:00,8703.174,8790.375,8698.579,8776.177,85736378003481234700
2026-05-21 12:00:00,8776.548,8780.465,8669.761,8670.322,25116716001969951400
2026-05-21 13:30:00,8670.729,8698.733,8656.585,8682.357,2038560800
2026-05-21 15:00:00,8682.209,8682.209,8406.289,8419.837,204813070028754985004450230300
2026-05-22 10:30:00,8473.609,8526.196,8422.384,8422.384,69743049003004936000
2026-05-22 12:00:00,8421.515,8496.310,8414.940,8496.289,19110431001441755400
2026-05-22 13:30:00,8497.753,8537.821,8497.753,8534.897,2318348200
2026-05-22 15:00:00,8536.261,8591.155,8535.176,8576.940,208016630017287619002701723300
2026-05-25 10:30:00,8631.208,8651.887,8543.892,8619.340,87208145003104275600
2026-05-25 12:00:00,8620.125,8658.451,8601.874,8629.022,21928510001573604400
2026-05-25 13:30:00,8632.319,8680.745,8632.319,8654.779,2185522500
2026-05-25 15:00:00,8655.584,8705.197,8604.092,8703.890,179419530014327287002501297000
2026-05-26 10:30:00,8665.435,8665.435,8543.876,8645.652,87601815003467888200
2026-05-26 12:00:00,8642.609,8652.501,8532.792,8566.734,22252654001800631900
2026-05-26 13:30:00,8567.648,8618.593,8555.968,8592.559,2165551700
2026-05-26 15:00:00,8593.649,8673.210,8529.666,8658.619,179839810017207613002772106300
2026-05-27 10:30:00,8659.219,8722.581,8659.219,8699.176,81534681003471261300
2026-05-27 12:00:00,8700.639,8716.296,8571.201,8587.647,27023288002244300600
2026-05-27 13:30:00,8588.388,8613.350,8564.283,8598.524,2574000300
2026-05-27 15:00:00,8598.524,8598.524,8491.316,8530.980,230434480017754346002686534900
2026-05-28 10:30:00,8503.671,8522.579,8431.082,8462.828,75704793003398123400
2026-05-28 12:00:00,8463.490,8523.343,8445.036,8523.343,24074530001847226700
2026-05-28 13:30:00,8524.046,8526.347,8424.449,8514.171,2639794800
2026-05-28 15:00:00,8513.678,8596.449,8511.465,8563.222,213381150016598278002567284100
2026-05-29 10:30:00,8589.818,8597.984,8424.178,8438.903,91938980004506610600
2026-05-29 12:00:00,8438.313,8500.306,8412.743,8425.693,24664568001949073200
2026-05-29 13:30:00,8426.862,8490.511,8418.414,8455.173,2122654000
2026-05-29 15:00:00,8454.617,8454.617,8296.241,8359.560,201907980025921936003269095600
2026-06-01 10:30:00,8358.487,8442.532,8296.533,8402.661,92867310003618038300
2026-06-01 12:00:00,8401.865,8408.429,8264.591,8331.547,28763719001725099900
2026-06-01 13:30:00,8333.317,8383.147,8326.266,8327.436,2195736300
2026-06-01 15:00:00,8327.988,8347.788,8259.600,8274.212,141667720017467473002952100800
2026-06-02 10:30:00,8290.833,8300.983,8142.507,8262.646,80588186003934827800
2026-06-02 12:00:00,8263.556,8309.350,8247.992,8284.000,21101497001710897000
2026-06-02 13:30:00,8285.570,8356.092,8285.570,8354.758,2181417500
2026-06-02 15:00:00,8355.082,8378.434,8297.621,8321.435,185014060016396636002473054800
2026-06-03 10:30:00,8317.003,8422.361,8300.919,8390.417,73275378002900992800
2026-06-03 12:00:00,8390.536,8462.670,8385.646,8437.905,22394917001805737600
2026-06-03 13:30:00,8439.082,8449.623,8415.260,8419.935,2862699700
2026-06-03 15:00:00,8421.213,8438.796,8294.288,8362.156,208387270027232060003414114800
2026-06-04 10:30:00,8279.863,8386.454,8279.863,8359.985,72672607003192886400
2026-06-04 12:00:00,8360.077,8385.369,8334.737,8349.380,20276371001715943800
2026-06-04 13:30:00,8350.848,8377.141,8337.807,8370.179,2259445000
2026-06-04 15:00:00,8370.056,8391.052,8313.428,8356.744,176463850020991802002755205900
2026-06-05 10:30:00,8317.641,8354.194,8234.018,8348.103,82764516002946333900
2026-06-05 12:00:00,8348.423,8399.408,8329.666,8367.374,22461235001511110000
2026-06-05 13:30:00,8369.759,8390.934,8324.600,8324.600,2490624900
2026-06-05 15:00:00,8324.714,8356.744,8218.141,8251.141,169872240025605329002979035500
2026-06-08 10:30:00,7978.660,8142.335,7978.660,8118.069,78278345003172684400
2026-06-08 12:00:00,8118.604,8141.710,8033.716,8033.716,20727824001830215700
2026-06-08 13:30:00,8033.347,8035.131,7963.913,7963.913,2474262500
2026-06-08 15:00:00,7963.472,8015.410,7889.399,7963.453,283741130018072586002456870400
2026-06-09 10:30:00,8059.339,8060.693,7965.485,8017.777,68415201002911182400
2026-06-09 12:00:00,8017.956,8060.124,7995.582,8057.545,17158105001525684300
2026-06-09 13:30:00,8060.605,8114.360,8060.605,8092.888,2141767000
2026-06-09 15:00:00,8093.142,8181.128,8088.032,8176.179,146469570017223510002606286800
2026-06-10 10:30:00,8094.137,8148.255,8036.932,8036.932,65876547003153976100
2026-06-10 12:00:00,8037.131,8063.235,8010.435,8052.833,20843621001502906000
2026-06-10 13:30:00,8052.502,8052.502,7994.600,8023.577,2025663000
2026-06-10 15:00:00,8023.110,8081.318,7973.547,8063.864,183984790015118865002384713500
2026-06-11 10:30:00,8025.608,8091.683,7983.383,7988.748,62503011002784096400
2026-06-11 12:00:00,7989.655,8019.484,7965.023,7976.171,19539378001498111900
2026-06-11 13:30:00,7979.024,8058.465,7979.024,8028.498,1940574600
2026-06-11 15:00:00,8028.378,8059.641,7975.778,8035.779,151576660015322625002210726700
2026-06-12 10:30:00,8189.210,8218.475,8146.777,8176.954,74277661003580697300
2026-06-12 12:00:00,8176.682,8258.908,8171.731,8219.784,29429676002703446000
2026-06-12 13:30:00,8220.669,8222.330,8174.046,8187.758,2813239100
2026-06-12 15:00:00,8188.186,8188.578,8098.780,8106.203,199146700018333058003331519100
2026-06-15 10:30:00,8175.052,8320.617,8174.591,8312.120,97561343003715740100
2026-06-15 12:00:00,8312.720,8324.882,8280.813,8304.879,23252892001662282200
2026-06-15 13:30:00,8307.019,8341.220,8305.136,8341.220,2105129500
2026-06-15 15:00:00,8340.615,8406.779,8340.126,8406.748,180168690014675143002722487300
2026-06-16 10:30:00,8430.916,8480.561,8413.508,8477.906,76945686003195640200
2026-06-16 12:00:00,8476.547,8521.423,8473.125,8518.277,22191794001612154600
2026-06-16 13:30:00,8520.914,8538.194,8484.666,8496.922,2310821900
2026-06-16 15:00:00,8497.204,8529.533,8451.516,8507.980,185428380017232308002539630100
2026-06-17 10:30:00,8451.632,8585.151,8451.632,8569.988,70271259003233464200
2026-06-17 12:00:00,8569.581,8581.417,8515.049,8534.437,22466638001762561300
2026-06-17 13:30:00,8536.649,8572.943,8508.919,8568.851,2088281100
2026-06-17 15:00:00,8569.130,8630.516,8562.096,8627.086,175031050016673824002688812300
2026-06-18 10:30:00,8590.499,8696.726,8587.982,8692.203,70682058003751855600
2026-06-18 12:00:00,8692.036,8692.607,8620.188,8655.356,26165699002030703500
2026-06-18 13:30:00,8658.197,8711.814,8648.808,8708.356,2221932800
2026-06-18 15:00:00,8707.806,8716.342,8654.800,8673.090,177126300016798226002806404700
2026-06-22 10:30:00,8709.664,8763.026,8641.007,8641.007,88133538004011077100
2026-06-22 12:00:00,8640.860,8696.499,8605.223,8696.136,30016214002232355600
2026-06-22 13:30:00,8699.065,8739.768,8695.571,8708.426,2984031600
2026-06-22 15:00:00,8708.501,8870.485,8691.276,8868.782,202887880020227753002908218300
2026-06-23 10:30:00,8831.592,8884.381,8727.143,8876.808,97188220003961571300
2026-06-23 12:00:00,8877.172,8895.340,8767.169,8798.790,22531930002055787100
2026-06-23 13:30:00,8797.770,8797.770,8735.003,8738.744,1980534000
2026-06-23 15:00:00,8738.782,8774.924,8629.011,8688.592,191932830024797759002871303300
2026-06-24 10:30:00,8638.656,8769.519,8613.085,8765.984,80031191003784731100
2026-06-24 12:00:00,8765.480,8769.447,8666.572,8757.587,26690102001598726800
2026-06-24 13:30:00,8762.932,8849.015,8762.932,8843.289,2501426500
2026-06-24 15:00:00,8842.727,8850.791,8805.197,8842.938,182476350015872074002562162700
2026-06-25 10:30:00,8846.658,8928.808,8803.596,8866.061,76361488004224755700
2026-06-25 12:00:00,8866.179,8923.326,8817.675,8909.158,29242718001881369500
2026-06-25 13:30:00,8912.550,8922.881,8894.856,8918.910,2360259100
2026-06-25 15:00:00,8918.772,8940.959,8881.179,8938.011,169636460015926064002682707600
2026-06-26 10:30:00,8891.031,8926.751,8790.397,8790.397,87627158003686925400
2026-06-26 12:00:00,8790.398,8801.080,8647.768,8734.603,29550724002205033400
2026-06-26 13:30:00,8736.047,8788.887,8706.954,8745.652,1999123600
2026-06-26 15:00:00,8746.127,8823.199,8703.565,8703.565,165644930018049246002785585100
2026-06-29 10:30:00,8731.576,8837.031,8621.618,8711.830,88557811005055680300
2026-06-29 12:00:00,8713.036,8724.768,8587.882,8676.331,25456678001540820500
2026-06-29 13:30:00,8677.988,8719.645,8619.934,8718.158,1750253100
2026-06-29 15:00:00,8718.403,8825.392,8708.915,8821.094,170762620014111230002279154600
2026-06-30 10:30:00,8815.107,8912.229,8771.655,8908.448,78239748003102543500
2026-06-30 12:00:00,8908.109,8990.390,8894.355,8989.114,21164102001510944900
2026-06-30 13:30:00,8994.104,9008.141,8958.043,8983.193,2008743800
2026-06-30 15:00:00,8984.200,9040.132,8960.601,9031.379,167478620015323128002663364700
2026-07-01 10:30:00,9052.043,9139.063,9030.387,9118.378,76897744004268495700
2026-07-01 12:00:00,9118.210,9147.559,9051.768,9121.628,34241661002149699300
2026-07-01 13:30:00,9122.815,9124.520,9041.611,9060.869,2703849400
2026-07-01 15:00:00,9061.731,9081.447,8956.185,9028.933,212223900015684529002383781000
2026-07-02 10:30:00,8829.621,8898.627,8749.972,8874.322,93308946003393591200
2026-07-02 12:00:00,8872.779,8932.647,8859.943,8877.025,24356419001734602400
2026-07-02 13:30:00,8878.311,8886.523,8803.443,8805.405,2044912300
2026-07-02 15:00:00,8804.674,8810.863,8667.419,8694.176,211225100018493957003226851600
2026-07-03 10:30:00,8702.326,8748.020,8636.150,8704.908,77739614003042107600
2026-07-03 12:00:00,8706.076,8815.882,8705.163,8794.845,23446388001740906000
2026-07-03 13:30:00,8804.673,8860.416,8778.326,8787.247,2164322600
2026-07-03 15:00:00,8786.887,8839.354,8745.261,8745.261,147391240017371089002737884700
2026-07-06 10:30:00,8790.967,8823.050,8642.603,8645.058,76455218003718307800
2026-07-06 12:00:00,8643.515,8722.836,8570.892,8722.836,28317947001783511800
2026-07-06 13:30:00,8728.985,8743.763,8662.177,8691.570,1678069400
2026-07-06 15:00:00,8687.793,8728.497,8640.674,8651.134,132201010015661956002469879800
2026-07-07 10:30:00,8604.076,8663.665,8567.178,8586.114,63886815002843125200
2026-07-07 12:00:00,8585.460,8628.399,8523.336,8552.186,22531831001640151300
2026-07-07 13:30:00,8549.167,8549.167,8457.576,8517.559,1949825700
2026-07-07 15:00:00,8516.748,8560.680,8473.475,8508.789,139576310014165074002076681700
2026-07-08 10:30:00,8539.015,8554.833,8343.923,8452.872,69656760002917813700
2026-07-08 12:00:00,8454.504,8571.525,8438.447,8546.142,15612462001422235900
2026-07-08 13:30:00,8527.006,8527.006,8457.455,8463.903,1720033800
2026-07-08 15:00:00,8463.390,8486.040,8387.811,8390.019,149651000012391794002399321500
2026-07-09 10:30:00,8437.147,8492.008,8367.507,8397.375,62180121002829703400
2026-07-09 12:00:00,8398.474,8403.242,8281.953,8342.487,23668091001798559400
2026-07-09 13:30:00,8343.563,8442.134,8343.563,8430.950,1717084700
2026-07-09 15:00:00,8430.512,8659.650,8401.967,8652.787,195817460019268612002692844300
2026-07-10 10:30:00,8672.363,8783.249,8663.402,8742.162,73395548004472516500
2026-07-10 12:00:00,8743.001,8752.617,8700.954,8727.563,24197444001566456400
2026-07-10 13:30:00,8733.282,8764.656,8714.655,8754.736,2494741600
2026-07-10 15:00:00,8755.112,8763.655,8503.245,8503.970,220962730017361011002902696700
